place_id,name,sector_name,province,lat,lng,business_status,competitor_density,foot_traffic_score,infrastructure_score,income_proxy,transit_stops_nearby,google_rating,review_count,price_level,years_operational,is_chain,has_photos,label
ChIJ4xdJmNem3BkRduSfESwuhgQ,Pili Pili,Kimironko,Kigali,-1.931313,30.110264,OPERATIONAL,12,4.0,10.0,600000.0,6,4.1,2841,2,18.9,0,1,1
ChIJsX50Qt2m3BkRf0gNOEVeLAg,Mr Chips,Kimironko,Kigali,-1.92301,30.107552,OPERATIONAL,2,0.93,10.0,600000.0,4,4.1,568,2,3.8,0,1,1
ChIJI8C8llyn3BkR_wMkoKxAoV8,Kultura,Kimironko,Kigali,-1.928374,30.109783,OPERATIONAL,8,2.6,10.0,350000.0,6,4.5,228,1,1.5,0,1,1
ChIJyVfXkMSm3BkRnnVUTCQN1Kg,Dae Jang Geum Korean Restaurant,Kimironko,Kigali,-1.930046,30.110529,OPERATIONAL,12,3.87,10.0,600000.0,6,4.3,259,2,1.7,0,1,1
ChIJvdmTwNmm3BkREgGIQulYRoQ,Caiman,Kimironko,Kigali,-1.933434,30.108585,OPERATIONAL,6,2.13,10.0,600000.0,6,3.9,183,2,1.2,0,1,1
ChIJac2Vv2un3BkRNmzEC077J9o,Shaly's VIP Lounge,Kimironko,Kigali,-1.933685,30.107941,OPERATIONAL,6,2.13,10.0,350000.0,6,3.7,3,1,0.5,0,1,0
ChIJycd1Aaan3BkRqp5LDr79avQ,Sizzling Plates Restaurant,Kimironko,Kigali,-1.931811,30.110608,OPERATIONAL,12,4.0,10.0,350000.0,6,4.5,133,1,0.9,0,1,1
ChIJwQBka9qn3BkRwzt13x0LhgQ,BALABALA,Kimironko,Kigali,-1.928692,30.111016,OPERATIONAL,11,3.53,10.0,350000.0,5,5.0,2,1,0.5,0,1,0
ChIJKUhowGOn3BkRCjIasdrU6zA,Mama Pizzalo,Kimironko,Kigali,-1.932905,30.11071,OPERATIONAL,11,3.73,10.0,350000.0,5,4.2,39,1,0.5,1,1,1
ChIJcyM8nXCn3BkR76DTb5z7eoQ,Pad Thai Restaurant,Kimironko,Kigali,-1.927044,30.11086,OPERATIONAL,9,3.0,10.0,350000.0,5,4.4,132,1,0.9,0,1,1
ChIJ72A8AQCn3BkRIdL8mSbt7oo,77 Chinese BBQ.77中式烤肉,Kimironko,Kigali,-1.935123,30.107722,OPERATIONAL,4,1.4,10.0,350000.0,5,5.0,2,1,0.5,0,1,0
ChIJxwe4PwCn3BkRiqlRXWoUfws,LCY Restaurant,Kimironko,Kigali,-1.929281,30.112589,OPERATIONAL,11,3.53,10.0,350000.0,5,3.7,22,1,0.5,0,1,0
ChIJGdApSACn3BkR_ccO4GPiR_Y,Chez Mama Bella,Kimironko,Kigali,-1.929833,30.113164,OPERATIONAL,12,4.07,6.0,350000.0,4,3.5,0,1,0.5,0,0,0
ChIJK0jdNQCn3BkR1RROKzcdoXo,EyaMya Restaurant,Kimironko,Kigali,-1.924411,30.108945,OPERATIONAL,3,1.13,10.0,350000.0,4,4.8,44,1,0.5,0,1,1
ChIJXY8FHLSn3BkRABOoHfe2FgE,Caravan Cuisine,Kimironko,Kigali,-1.925913,30.102873,OPERATIONAL,5,1.8,10.0,350000.0,4,1.0,1,1,0.5,0,1,0
ChIJIcaxSQCn3BkR5DDRl5CPiL8,nyarutarama,Kimironko,Kigali,-1.92624,30.101653,OPERATIONAL,6,2.2,9.0,350000.0,4,4.0,1,1,0.5,0,1,0
ChIJC2wpKcun3BkRo49CGPqfE5M,The Fork Kibagabaga,Kimironko,Kigali,-1.931692,30.114311,OPERATIONAL,10,3.53,10.0,350000.0,4,3.8,47,1,0.5,0,1,1
ChIJUZWSa7yn3BkR6-pI1_ZJCAM,Inyambo O'Restaurant & Coffee shop,Kimironko,Kigali,-1.928664,30.114471,CLOSED_TEMPORARILY,7,2.27,9.0,350000.0,3,4.3,22,1,0.5,0,1,0
ChIJA31XIqGn3BkRz4TjZ07HSIw,ViaVia Kigali,Kimironko,Kigali,-1.933971,30.113647,CLOSED_TEMPORARILY,5,2.07,9.0,350000.0,3,4.5,75,1,0.5,0,1,0
ChIJadVRec6m3BkRx-rvgCQbyEI,Elevate Suites Hotel,Kimironko,Kigali,-1.928896,30.098558,OPERATIONAL,5,2.07,9.0,350000.0,3,4.0,200,1,1.3,0,1,1
ChIJ_xtmX0Gh3BkR4Vj5hrFEzJ4,Destiny Bar & Restaurant,Kimironko,Kigali,-1.923383,30.103561,OPERATIONAL,4,1.47,10.0,350000.0,3,4.4,14,1,0.5,0,1,0
ChIJ6xZia0Sn3BkR44eawuloPq4,Orestaurant,Kimironko,Kigali,-1.927786,30.114915,CLOSED_TEMPORARILY,6,2.0,9.0,350000.0,3,4.1,35,1,0.5,0,1,0
ChIJk7RRlFGn3BkRxZHVWs2ALiM,Cave Coffee,Kimironko,Kigali,-1.926643,30.100201,OPERATIONAL,5,1.87,10.0,350000.0,3,4.3,117,1,0.8,0,1,1
ChIJVQcJcACh3BkR_fASR7NB5Dg,OGO DELICACY,Kimironko,Kigali,-1.923053,30.102755,OPERATIONAL,4,1.53,6.0,350000.0,3,3.5,0,1,0.5,0,0,0
ChIJrVSMUYCn3BkRJx1FiZ-ujDk,17 Blocks Restaurant,Kimironko,Kigali,-1.932074,30.09886,OPERATIONAL,2,1.13,10.0,350000.0,3,5.0,2,1,0.5,0,1,0
ChIJEaGQRo-n3BkRKeMmcOMNqm8,Bel Ombre Hotel,Kimironko,Kigali,-1.932037,30.09881,OPERATIONAL,2,1.13,10.0,600000.0,3,4.4,61,2,0.5,0,1,1
ChIJ59PCeden3BkRlUWxYk17dyE,Rolex and Grills,Kimironko,Kigali,-1.937437,30.102348,OPERATIONAL,0,0.27,8.5,350000.0,3,3.0,2,1,0.5,0,0,0
ChIJ4fjSfZWn3BkRQuCo3SyTjgs,GotBuns!,Kimironko,Kigali,-1.927223,30.098903,OPERATIONAL,4,1.6,10.0,350000.0,2,4.0,52,1,0.5,0,1,1
ChIJ0Ue6Bwmn3BkReKlT2Lhdtjw,Kigali Five Star Restaurant,Remera,Kigali,-1.949131,30.115202,OPERATIONAL,18,5.87,8.5,350000.0,7,3.5,0,1,0.5,0,1,0
ChIJ76RefKmn3BkROppv7bqkc3w,Happiness Fast Food,Remera,Kigali,-1.949266,30.114787,OPERATIONAL,18,5.87,10.0,350000.0,7,5.0,2,1,0.5,0,1,0
ChIJm8SLoMKn3BkRYgsb86BvrIM,Luma & Lua Restaurant,Remera,Kigali,-1.949278,30.113729,OPERATIONAL,24,7.6,10.0,350000.0,6,4.5,37,1,0.5,0,1,1
ChIJT18AIRqn3BkROE6Q7JWvLKs,URUGANO RESORT,Remera,Kigali,-1.949718,30.116313,OPERATIONAL,18,5.93,7.0,350000.0,6,3.5,0,1,0.5,0,0,0
ChIJrxFr8y2n3BkR8BHG2V6oboU,CABINET LOUNGE,Remera,Kigali,-1.95012,30.115231,OPERATIONAL,19,6.2,9.0,350000.0,6,5.0,3,1,0.5,0,1,0
ChIJjSpxINen3BkRa2olNCOSASI,Big Star Lounge,Remera,Kigali,-1.947331,30.113091,OPERATIONAL,9,3.33,10.0,350000.0,6,3.2,9,1,0.5,0,1,0
ChIJ1ZI65wKn3BkRY3B1L5u2YnM,Igitego Hotel,Remera,Kigali,-1.950358,30.11562,OPERATIONAL,19,6.27,10.0,350000.0,6,4.0,180,1,1.2,0,1,1
ChIJTx9dIgOn3BkR_nW32msY2pI,Heroes Lounge,Remera,Kigali,-1.950285,30.116062,OPERATIONAL,19,6.27,10.0,600000.0,6,3.9,280,2,1.9,0,1,1
ChIJCTdeLwCn3BkR5uOrauKBS1Q,CAFE CREMORA BEAN AND BURGER,Remera,Kigali,-1.950568,30.116624,OPERATIONAL,18,5.93,8.5,350000.0,6,3.5,0,1,0.5,1,1,0
ChIJR-E-u3an3BkRkVDYyAm3Auc,Zoal Burger زول برقر,Remera,Kigali,-1.949997,30.11737,OPERATIONAL,18,5.93,10.0,350000.0,6,5.0,5,1,0.5,1,1,0
ChIJBeKOQ_un3BkRc8b3FKJPr20,Chinese Hot Pot,Remera,Kigali,-1.950851,30.116649,OPERATIONAL,18,5.93,10.0,350000.0,6,4.0,1,1,0.5,0,1,0
ChIJ5UXiTQCn3BkRsl61kNzev3E,Mr Chips,Remera,Kigali,-1.951156,30.116236,OPERATIONAL,19,6.27,7.0,350000.0,6,3.5,0,1,0.5,0,0,0
ChIJaxx0vK6n3BkRU47_nzeddbg,Mc Cason Pizza Rwanda,Remera,Kigali,-1.951156,30.116236,OPERATIONAL,19,6.27,10.0,350000.0,6,4.1,66,1,0.5,1,1,1
ChIJwymC5_-n3BkR97DZNxRER9w,CM2 PIZZA LTD,Remera,Kigali,-1.951156,30.116236,OPERATIONAL,19,6.27,8.5,350000.0,6,5.0,2,1,0.5,1,0,0
ChIJ4W8HrQGn3BkR_dDCoaVzVfA,Taste of Kigali Restaurant,Remera,Kigali,-1.94852,30.111067,OPERATIONAL,12,3.67,10.0,350000.0,5,3.3,6,1,0.5,0,1,0
ChIJRTYVZyWn3BkRxczIpXrQtiw,Kwa Mama David,Remera,Kigali,-1.944829,30.111632,OPERATIONAL,4,1.4,10.0,350000.0,5,1.0,1,1,0.5,0,1,0
ChIJf8-QZACn3BkR3P1uJlTLTI4,ARUNA FAST FOOD,Remera,Kigali,-1.952658,30.114225,OPERATIONAL,35,10.0,8.5,350000.0,5,3.5,0,1,0.5,0,1,0
ChIJKXv9hhWn3BkRRcayRt6pRl0,WED coffee,Remera,Kigali,-1.952661,30.114195,OPERATIONAL,39,10.0,10.0,350000.0,5,4.8,13,1,0.5,0,1,0
ChIJX57lDgCn3BkR4tSdat2xjUs,Mercedes Cafe مطعم ومقهى مرسيدس,Remera,Kigali,-1.952703,30.114116,OPERATIONAL,41,10.0,10.0,350000.0,5,4.8,122,1,0.8,0,1,1
ChIJTQ5Ub1Sn3BkR05pbziaGWxc,Legend Chinese Restaurant,Remera,Kigali,-1.952635,30.113394,OPERATIONAL,36,10.0,10.0,350000.0,5,4.4,92,1,0.6,0,1,1
ChIJtVUHUwCn3BkReEWWCVMgElM,Mama queen,Remera,Kigali,-1.945028,30.119262,OPERATIONAL,2,0.87,7.5,350000.0,5,5.0,1,1,0.5,0,0,0
ChIJl66NVx2n3BkRxuP-GDLbpRo,Chapiti morning,Remera,Kigali,-1.947302,30.120344,OPERATIONAL,3,1.13,7.5,350000.0,5,3.5,0,1,0.5,0,1,0
ChIJJUS8ZuOn3BkRg4u2r_9VIGk,BLACKZONE,Remera,Kigali,-1.953172,30.11243,OPERATIONAL,32,9.93,10.0,350000.0,4,4.0,2,1,0.5,0,1,0
ChIJOZ6MmFCn3BkRKofhVw7T0AI,RuNits Home Cuisine,Remera,Kigali,-1.952363,30.111065,OPERATIONAL,27,8.2,10.0,350000.0,4,4.0,1,1,0.5,0,1,0
ChIJLwdHawGn3BkRNafi-ks4PkA,Moonax,Remera,Kigali,-1.953848,30.117791,OPERATIONAL,20,6.4,10.0,350000.0,4,3.7,91,1,0.6,0,1,0
ChIJIZgqXqOn3BkRItMnQpuUcsU,Hangout Corner,Remera,Kigali,-1.951542,30.109847,OPERATIONAL,23,7.0,7.5,350000.0,4,3.5,0,1,0.5,0,1,0
ChIJs2GVGQCn3BkRkBbIxxBDoZ0,Curry house,Remera,Kigali,-1.951542,30.109847,OPERATIONAL,23,7.0,7.5,350000.0,4,3.0,1,1,0.5,0,0,0
ChIJk9ugCAen3BkRJxbIurDxidQ,Home care,Remera,Kigali,-1.951542,30.109847,OPERATIONAL,23,7.0,8.5,350000.0,4,3.5,0,1,0.5,0,1,0
ChIJHy_cRgCn3BkRgcK17Ps4m0g,Café Accacia,Remera,Kigali,-1.951542,30.109847,OPERATIONAL,23,7.0,7.5,350000.0,4,5.0,1,1,0.5,0,0,0
ChIJD95iXein3BkRXxkKFQq9ZiQ,IKA RESTAURANT,Remera,Kigali,-1.951754,30.109748,OPERATIONAL,23,6.87,8.5,350000.0,4,3.5,0,1,0.5,0,1,0
ChIJOQzky2On3BkRBACavHCZsEU,Autoluxe ltd,Remera,Kigali,-1.954186,30.118253,OPERATIONAL,18,5.47,10.0,350000.0,4,4.8,53,1,0.5,0,1,1
ChIJKfLoAUOn3BkRMVY37j6p2Xw,Home base Nigerian foods,Remera,Kigali,-1.954152,30.111696,OPERATIONAL,27,8.2,8.5,350000.0,4,3.5,0,1,0.5,0,1,0
ChIJCbIE6S2n3BkRdyEuHXFJ5-Y,Happiness,Remera,Kigali,-1.954317,30.111694,OPERATIONAL,27,8.2,8.5,350000.0,3,3.5,0,1,0.5,0,1,0
ChIJe8Ly_5yn3BkRXAtLpqMKBEw,Shami Coffee And Fast Food,Remera,Kigali,-1.953945,30.111022,OPERATIONAL,26,7.93,10.0,350000.0,3,3.8,5,1,0.5,0,1,0
ChIJJy9cRjmn3BkReHuOsOxIMrQ,CARRINGTON Resto-Bar,Remera,Kigali,-1.954279,30.111511,OPERATIONAL,26,7.93,8.5,350000.0,3,3.5,0,1,0.5,0,1,0
ChIJL5m8bZKn3BkRseX1Sk4OKQA,Hombaze Nigerian Restaurant,Remera,Kigali,-1.954566,30.111937,OPERATIONAL,27,8.2,8.5,350000.0,3,3.5,0,1,0.5,0,1,0
ChIJnX1FcQCn3BkRHNt8tZULPe4,Heaven Restaurant,Remera,Kigali,-1.952116,30.121444,OPERATIONAL,7,2.27,10.0,350000.0,3,5.0,2,1,0.5,0,1,0
ChIJHSdkDgCn3BkRgbIaD-2psts,Al Joker,Remera,Kigali,-1.955062,30.112313,OPERATIONAL,28,8.47,10.0,350000.0,3,5.0,2,1,0.5,0,1,0
ChIJk_D2a7On3BkRGP7gNInVvHI,Rwiza Place,Remera,Kigali,-1.954004,30.120113,OPERATIONAL,8,2.53,6.0,350000.0,3,3.5,0,1,0.5,0,0,0
ChIJ7UDlbv6m3BkR_YNlFc5Pg2c,Banana Bar & Restaurant,Remera,Kigali,-1.954379,30.110755,OPERATIONAL,26,7.93,10.0,350000.0,3,3.8,5,1,0.5,0,1,0
ChIJ-YJ5gNKn3BkRYSNzGoe3I10,New Roman's Choice Pizzas,Remera,Kigali,-1.946364,30.12295,OPERATIONAL,2,0.87,10.0,350000.0,3,4.1,8,1,0.5,1,1,0
ChIJV5rP1Ven3BkRwvjYuIxkwus,Ineza Shop,Remera,Kigali,-1.954478,30.110563,OPERATIONAL,26,7.93,6.0,350000.0,3,3.5,0,1,0.5,0,0,0
ChIJRS-bNFVTDaIRYAGI9e-g_1E,Overfoods,Remera,Kigali,-1.954713,30.110723,OPERATIONAL,26,7.93,9.0,350000.0,3,4.0,1,1,0.5,0,1,0
ChIJpRQpJJOn3BkRPsOK_zko48A,Hot or Not Bistro,Remera,Kigali,-1.951191,30.122654,OPERATIONAL,5,1.6,10.0,350000.0,3,2.0,1,1,0.5,0,1,0
ChIJsQ_WF4in3BkRUMSsPGFI154,Brocky restaurant,Remera,Kigali,-1.954188,30.120492,OPERATIONAL,7,2.27,6.0,350000.0,3,3.5,0,1,0.5,0,0,0
ChIJPWsXSn2n3BkRmxLGJ21pi3E,Steady Pizza Chicken House,Remera,Kigali,-1.953099,30.121562,OPERATIONAL,7,2.27,9.0,350000.0,3,3.8,18,1,0.5,1,1,1
ChIJraJlC_qn3BkRCzjN03KosQQ,Taboo Mediterranean cuisine,Remera,Kigali,-1.945421,30.10733,CLOSED_TEMPORARILY,2,0.8,9.0,600000.0,3,3.9,56,2,0.5,0,1,0
ChIJTZJPKwCn3BkRWeblPAUZwb0,Dolce Salato,Remera,Kigali,-1.945477,30.107311,OPERATIONAL,2,0.8,10.0,350000.0,3,4.4,73,1,0.5,0,1,1
ChIJ_e5KDQCn3BkRILHoi-wwQ70,Maggie's kitchen,Remera,Kigali,-1.956189,30.11357,OPERATIONAL,20,6.27,8.5,350000.0,3,5.0,1,1,0.5,0,0,0
ChIJ6YprbOKn3BkR86W5kpLTeNg,DE PLATE,Remera,Kigali,-1.953162,30.108623,OPERATIONAL,21,6.47,8.5,350000.0,3,3.5,0,1,0.5,0,1,0
ChIJ87rejuyn3BkR1taQBGkYtb8,Cafe India,Remera,Kigali,-1.955685,30.111919,OPERATIONAL,23,7.07,9.0,350000.0,3,5.0,6,1,0.5,0,1,0
ChIJLZFn0zOn3BkR4mwFVJ-wRjQ,MASTONIC BISTRO,Remera,Kigali,-1.956272,30.116443,OPERATIONAL,10,3.27,9.0,350000.0,3,4.5,2,1,0.5,0,1,0
ChIJP908Uein3BkR3lalgO8abw4,249 Bites,Remera,Kigali,-1.954649,30.120288,OPERATIONAL,8,2.53,10.0,350000.0,3,4.4,55,1,0.5,0,1,1
ChIJs_BYdROn3BkR3_kdmZ87RgU,Poli250 Café,Remera,Kigali,-1.95569,30.1117,OPERATIONAL,23,7.07,10.0,350000.0,3,5.0,6,1,0.5,0,1,0
ChIJZUBNRwCn3BkR3MA8q2SlVF8,NANA Café,Remera,Kigali,-1.955826,30.111881,OPERATIONAL,22,6.8,10.0,350000.0,3,2.0,1,1,0.5,0,1,0
ChIJ76SdQean3BkRMUJT__5CWqs,Vicadi Cakes and Grills,Remera,Kigali,-1.955493,30.110638,OPERATIONAL,24,7.27,8.5,350000.0,3,4.9,36,1,0.5,0,0,1
ChIJux6Ripen3BkRWbVfxvKpH6E,SPOTLIGHT R&A,Remera,Kigali,-1.956913,30.115201,OPERATIONAL,14,4.47,10.0,350000.0,3,5.0,4,1,0.5,0,1,0
ChIJ3TAm74un3BkRi3lYeiia-pI,Ballistic Burgers,Remera,Kigali,-1.953763,30.108346,OPERATIONAL,21,6.47,10.0,350000.0,3,4.7,130,1,0.9,1,1,1
ChIJK9C3tdal3BkRC-zs9AoyNkI,Snackive,Nyamirambo,Kigali,-1.981302,30.048106,OPERATIONAL,11,3.4,7.0,350000.0,6,3.5,0,1,0.5,0,0,0
ChIJBV3Faeql3BkRFFykgINGTSE,C3 Canteen,Nyamirambo,Kigali,-1.980431,30.047812,OPERATIONAL,10,3.13,10.0,350000.0,6,5.0,7,1,0.5,0,1,0
ChIJM3e_JQml3BkRh9XkOJOt9aM,L’Hacienda Guest House,Nyamirambo,Kigali,-1.979691,30.042599,OPERATIONAL,4,1.73,10.0,350000.0,6,3.5,24,1,0.5,0,1,0
ChIJoc_fTgCl3BkRWZgfyO0CFk0,Cantine,Nyamirambo,Kigali,-1.981778,30.048494,OPERATIONAL,11,3.4,6.0,350000.0,6,3.5,0,1,0.5,0,0,0
ChIJVyX9Ubml3BkR0EQXxTypmtw,Salt and Pepper Restaurant & Pub,Nyamirambo,Kigali,-1.978477,30.047255,OPERATIONAL,13,4.07,7.5,350000.0,5,4.5,2,1,0.5,0,0,0
ChIJv9CiagCl3BkRejYN5lUNIZo,Cantine Mirror,Nyamirambo,Kigali,-1.978365,30.047114,OPERATIONAL,15,4.73,6.0,350000.0,5,3.5,0,1,0.5,0,0,0
ChIJMUGpT4Sl3BkRsA3VZa65vx0,B&T business,Nyamirambo,Kigali,-1.978238,30.043057,OPERATIONAL,9,3.07,6.0,350000.0,5,3.5,0,1,0.5,0,0,0
ChIJ7TN3YACl3BkRbv9VzV1buw8,Nayoth Restaurant,Nyamirambo,Kigali,-1.982184,30.049264,OPERATIONAL,10,3.13,7.0,350000.0,5,3.5,0,1,0.5,0,0,0
ChIJy7Ouda2l3BkRvVgwMIlT0xw,AFTER PARTY BAR & GRILL,Nyamirambo,Kigali,-1.978859,30.041951,OPERATIONAL,5,2.0,10.0,350000.0,5,4.8,4,1,0.5,0,1,0
ChIJJ4hIx2-l3BkRxAknt6fvIqs,Brioche (On-The-Go Nyarugenge),Nyamirambo,Kigali,-1.978399,30.047566,OPERATIONAL,13,4.07,8.5,350000.0,5,5.0,1,1,0.5,0,0,0
ChIJC7FuSuql3BkRq6dEUEcDWWI,Chez Hirwa,Nyamirambo,Kigali,-1.978026,30.047579,OPERATIONAL,13,4.07,10.0,350000.0,5,3.5,25,1,0.5,0,1,0
ChIJ9zrrq1Cl3BkR68hug7JoYko,Kalabash Restaurant Ltd,Nyamirambo,Kigali,-1.977828,30.047493,OPERATIONAL,13,4.13,10.0,350000.0,5,4.5,6,1,0.5,0,1,0
ChIJ063IHIWl3BkROE86zzuE2-Y,HAVOC M BAR,Nyamirambo,Kigali,-1.977845,30.048152,OPERATIONAL,14,4.33,10.0,350000.0,5,5.0,5,1,0.5,0,1,0
ChIJpzoFTQml3BkRRpS39DG3Z2E,Petit PELE,Nyamirambo,Kigali,-1.977212,30.042786,OPERATIONAL,7,2.53,7.5,350000.0,5,3.5,0,1,0.5,0,1,0
ChIJoxxdJACl3BkRTkVUEYMGpNU,Cafe-resto Halaal,Nyamirambo,Kigali,-1.985699,30.048959,OPERATIONAL,4,1.33,6.0,350000.0,4,3.5,0,1,0.5,0,0,0
ChIJAQfHYfWl3BkRRdgJFaWS3Qw,Ten to Two Bar Resto,Nyamirambo,Kigali,-1.977788,30.041034,OPERATIONAL,5,2.0,10.0,350000.0,4,3.8,61,1,0.5,0,1,1
ChIJRaI4RsCl3BkReHj5cfGafAQ,TEN TO TWO Chez Mutabazi,Nyamirambo,Kigali,-1.975019,30.04549,OPERATIONAL,11,3.6,10.0,350000.0,4,3.5,139,1,0.9,0,1,0
ChIJk57kSh-l3BkR9Zx5DadQodc,Uwera House,Nyamirambo,Kigali,-1.988272,30.048123,OPERATIONAL,2,0.8,10.0,350000.0,4,4.5,6,1,0.5,0,1,0
ChIJmwvsveml3BkRoWroHk1ojFE,Chez Muteteli,Nyamirambo,Kigali,-1.977599,30.050725,OPERATIONAL,10,3.27,10.0,350000.0,3,3.5,42,1,0.5,0,1,0
ChIJvZizfaGl3BkRy9jK8U1vrU0,Mimoza Bar,Nyamirambo,Kigali,-1.98097,30.052405,OPERATIONAL,5,1.73,7.5,350000.0,3,3.5,0,1,0.5,0,1,0
ChIJcfSj9L-l3BkRVcsmKL1xfrU,Restaurant Baobab,Nyamirambo,Kigali,-1.974883,30.042756,OPERATIONAL,5,1.87,10.0,350000.0,3,3.5,20,1,0.5,0,1,0
ChIJBTLeCsGl3BkRiuRD-rDXrDI,Green Corner,Nyamirambo,Kigali,-1.973937,30.047734,OPERATIONAL,7,2.4,10.0,350000.0,3,3.8,510,1,3.4,0,1,1
ChIJ2wvdcwCl3BkRWAWC7MrWcMk,CKYC Lounge,Nyamirambo,Kigali,-1.974361,30.049008,OPERATIONAL,10,3.27,10.0,350000.0,3,3.9,55,1,0.5,0,1,1
ChIJreltyRGl3BkRn9sEG8B1cq4,Ola’s Restobar,Nyamirambo,Kigali,-1.990774,30.046773,OPERATIONAL,1,0.53,6.0,350000.0,3,3.5,0,1,0.5,0,0,0
ChIJXfQSfACl3BkRHG7DE34feM8,Nyamirambo,Nyamirambo,Kigali,-1.977053,30.052509,OPERATIONAL,4,1.6,6.0,350000.0,3,3.5,0,1,0.5,0,0,0
ChIJKSlbRFmh3BkRNSbl7vEzzug,Serenity Park,Gisozi,Kigali,-1.912541,30.071355,OPERATIONAL,4,1.8,10.0,350000.0,6,3.8,27,1,0.5,0,1,1
ChIJmV9jU4-h3BkRCSDD3HzCdzA,SUNVIVA NK,Gisozi,Kigali,-1.915321,30.070789,OPERATIONAL,5,2.13,10.0,350000.0,5,5.0,1,1,0.5,0,1,0
ChIJgwgd-1mh3BkRu8aA7HTlfo8,G grill Gisozi Bar & Resto,Gisozi,Kigali,-1.915648,30.071679,OPERATIONAL,6,2.4,10.0,350000.0,4,3.5,139,1,0.9,0,1,0
ChIJWWexzOej3BkR0pHPRhgDrQc,AWASH PUB & GUEST,Gisozi,Kigali,-1.909197,30.063745,OPERATIONAL,1,0.6,10.0,350000.0,4,4.4,22,1,0.5,0,1,1
ChIJt8ge6-yj3BkRH82mku7BqG4,Habboba Café & Restaurant,Gisozi,Kigali,-1.908301,30.06378,OPERATIONAL,1,0.6,10.0,350000.0,4,5.0,4,1,0.5,0,1,0
ChIJG9EQG1uh3BkRkd_IsWVH5_8,Best Corner,Gisozi,Kigali,-1.913584,30.075881,OPERATIONAL,3,1.13,10.0,350000.0,4,3.6,38,1,0.5,0,1,0
ChIJi0bx1x-h3BkRuWYtU2rQaug,Jiangsu Chinese Restaurant,Gisozi,Kigali,-1.916183,30.07395,OPERATIONAL,7,2.73,10.0,350000.0,3,3.8,19,1,0.5,0,1,1
ChIJ54z_XwCh3BkRfLozWrbHI70,BOBO Chinese restaurant,Gisozi,Kigali,-1.916169,30.073999,OPERATIONAL,7,2.73,9.0,350000.0,3,5.0,1,1,0.5,0,1,0
ChIJqxbokgGk3BkRE9-35msTOlI,Bar Le Jardin,Gisozi,Kigali,-1.917593,30.070276,OPERATIONAL,4,1.73,10.0,350000.0,3,2.3,3,1,0.5,0,1,0
ChIJnX-MAz2j3BkRqxAIKlr8TZM,Fine Restaurant,Gisozi,Kigali,-1.914562,30.063938,OPERATIONAL,0,0.27,7.0,350000.0,3,3.5,0,1,0.5,0,0,0
ChIJ48DslWGh3BkRuWmYv38-2qI,Agapuruko Resto-Bar,Gisozi,Kigali,-1.916128,30.075406,OPERATIONAL,4,1.47,7.0,350000.0,3,3.5,0,1,0.5,0,0,0
ChIJD_DsZiek3BkRP6rHLjGWSho,Khana Khazana Kiyovu,CityCenter,Kigali,-1.947287,30.066065,OPERATIONAL,3,1.07,10.0,600000.0,5,4.5,922,2,6.1,0,1,1
ChIJ6ROx5yWk3BkRkLGelqh-EAg,Camellia UTC,CityCenter,Kigali,-1.945015,30.061201,OPERATIONAL,57,10.0,10.0,600000.0,7,4.1,431,2,2.9,0,1,1
ChIJj4lpuCak3BkRkBELH-usQmQ,Le Panorama,CityCenter,Kigali,-1.946694,30.061962,OPERATIONAL,56,10.0,10.0,350000.0,6,4.0,9,1,0.5,0,1,0
ChIJHaaBQCek3BkRZ3RQfvHkOjM,Heaven Restaurant & Boutique Hotel,CityCenter,Kigali,-1.946867,30.064962,OPERATIONAL,47,10.0,10.0,600000.0,5,4.3,741,2,4.9,0,1,1
ChIJCT_MG52m3BkRgP3MMWdNzi8,The Bistro,CityCenter,Kigali,-1.948918,30.068983,OPERATIONAL,1,0.53,10.0,600000.0,3,4.4,182,2,1.2,0,1,1
ChIJyaV0Eien3BkRiVNY_D_XMko,Nexi Gorilla Lounge Bar & Restaurant,CityCenter,Kigali,-1.944073,30.061885,OPERATIONAL,57,10.0,10.0,350000.0,7,5.0,2,1,0.5,0,1,0
ChIJbelFUACl3BkRkS0-vIRvVBM,Kfc,CityCenter,Kigali,-1.944073,30.061885,OPERATIONAL,57,10.0,6.0,350000.0,7,3.5,0,1,0.5,1,0,0
ChIJxzzQWtKl3BkRkXGuVgI9Czc,Ejo_Coffee,CityCenter,Kigali,-1.944073,30.061885,OPERATIONAL,57,10.0,7.0,350000.0,7,3.5,0,1,0.5,0,0,0
ChIJU1DlWGul3BkRAeTNsbPSeWs,Nama,CityCenter,Kigali,-1.944073,30.061885,OPERATIONAL,57,10.0,6.0,350000.0,7,3.5,0,1,0.5,0,0,0
ChIJwx2MaYSl3BkRtEawocJ4fd4,Fab’s corner,CityCenter,Kigali,-1.944073,30.061885,CLOSED_TEMPORARILY,57,10.0,6.0,350000.0,7,3.5,0,1,0.5,0,0,0
ChIJAW2BLnSl3BkR7YhIV8k-UqY,La Familia Group,CityCenter,Kigali,-1.944073,30.061885,OPERATIONAL,57,10.0,7.0,350000.0,7,3.5,0,1,0.5,0,0,0
ChIJvQhO34Wl3BkRckOCN5GLeA8,Urugwiro guesthouse,CityCenter,Kigali,-1.944073,30.061885,OPERATIONAL,57,10.0,8.5,350000.0,7,3.5,0,1,0.5,0,1,0
ChIJQbDbJkel3BkRg9ORy3WPH00,cordarc,CityCenter,Kigali,-1.944073,30.061885,OPERATIONAL,57,10.0,8.5,350000.0,7,3.5,0,1,0.5,0,1,0
ChIJua05onCl3BkRm6hgYnyCtv4,U&D RESTO BAR,CityCenter,Kigali,-1.944073,30.061885,OPERATIONAL,57,10.0,7.0,350000.0,7,3.5,0,1,0.5,0,0,0
ChIJQaA9eYWl3BkRgo0Y1WcWRoU,Mindrich resto bar ltd,CityCenter,Kigali,-1.944073,30.061885,OPERATIONAL,57,10.0,7.0,350000.0,7,3.5,0,1,0.5,0,0,0
ChIJU9EPdfKl3BkRxlgeVYIyyq8,Luz y vida,CityCenter,Kigali,-1.944073,30.061885,OPERATIONAL,57,10.0,7.5,350000.0,7,3.5,0,1,0.5,0,1,0
ChIJ2zOcYBul3BkR4-qsvxeIll8,Ryoherwa restraunt,CityCenter,Kigali,-1.944073,30.061885,OPERATIONAL,57,10.0,7.0,350000.0,7,3.5,0,1,0.5,0,0,0
ChIJ0bFOd1Ol3BkRiJ4D3XXH-pM,seruka,CityCenter,Kigali,-1.944073,30.061885,OPERATIONAL,57,10.0,6.0,350000.0,7,3.5,0,1,0.5,0,0,0
ChIJkV57n2ml3BkRDofxqBvyDEI,Moses&Faida,CityCenter,Kigali,-1.944073,30.061885,OPERATIONAL,57,10.0,7.0,350000.0,7,3.5,0,1,0.5,0,0,0
ChIJU4mcHwCl3BkREvAz1fUCyZY,kwizera,CityCenter,Kigali,-1.944073,30.061885,OPERATIONAL,57,10.0,6.0,350000.0,7,3.5,0,1,0.5,0,0,0
ChIJGSREYwCl3BkRfv4fZTUC6vk,مطعم ابو فهد شاورما,CityCenter,Kigali,-1.944073,30.061885,OPERATIONAL,57,10.0,7.5,350000.0,7,5.0,1,1,0.5,0,0,0
ChIJG2ZWUc6l3BkRZrDQTfS7L7I,Sofast Bar & Resto,CityCenter,Kigali,-1.944073,30.061885,OPERATIONAL,57,10.0,7.5,350000.0,7,3.5,0,1,0.5,0,1,0
ChIJB0ZCrpyl3BkRay0trUCkRzY,Buffalo Land,CityCenter,Kigali,-1.944073,30.061885,OPERATIONAL,57,10.0,7.5,350000.0,7,3.5,0,1,0.5,0,1,0
ChIJB14cIfCl3BkRmzWnToEI-D8,arllain service,CityCenter,Kigali,-1.944073,30.061885,OPERATIONAL,57,10.0,6.0,350000.0,7,3.5,0,1,0.5,0,0,0
ChIJ1avRYQml3BkRVupOy0SWR_8,Malewa Food - Rwanda,CityCenter,Kigali,-1.944073,30.061885,OPERATIONAL,57,10.0,8.5,350000.0,7,3.5,0,1,0.5,0,1,0
ChIJMdz3HPSl3BkR0Hq9u28Km4E,TastyYum Kigali,CityCenter,Kigali,-1.944073,30.061885,OPERATIONAL,57,10.0,6.0,350000.0,7,3.5,0,1,0.5,0,0,0
ChIJbf3u2S2l3BkRGu4iTA6RENQ,ThePitch Restaurent,CityCenter,Kigali,-1.944073,30.061885,OPERATIONAL,57,10.0,7.5,350000.0,7,3.5,0,1,0.5,0,1,0
ChIJsyEi1Jal3BkRntoejVXvDPY,Neza Alice,CityCenter,Kigali,-1.944073,30.061885,OPERATIONAL,57,10.0,6.0,350000.0,7,3.5,0,1,0.5,0,0,0
ChIJFzPo0d6l3BkRD0wkXwTVbiE,Karenderya,CityCenter,Kigali,-1.944073,30.061885,OPERATIONAL,57,10.0,7.0,350000.0,7,3.5,0,1,0.5,0,0,0
ChIJHfJcgEil3BkRWDsvP9uq15E,Tradisyon,CityCenter,Kigali,-1.944073,30.061885,OPERATIONAL,57,10.0,7.0,350000.0,7,3.5,0,1,0.5,0,0,0
ChIJcf21PDyl3BkR7bO6vmRZWRc,Nyampinga Park,CityCenter,Kigali,-1.944073,30.061885,OPERATIONAL,57,10.0,7.5,350000.0,7,5.0,5,1,0.5,0,0,0
ChIJfcN4Ttml3BkRcTBNUuWmIyk,OLEGUE OFFICIAL,CityCenter,Kigali,-1.944073,30.061885,OPERATIONAL,57,10.0,6.0,350000.0,7,3.5,0,1,0.5,0,0,0
ChIJdzvHv5Wl3BkR6o3_8vS3YrU,Der shop,CityCenter,Kigali,-1.944073,30.061885,OPERATIONAL,57,10.0,6.0,350000.0,7,3.5,0,1,0.5,0,0,0
ChIJkYcS6Eel3BkRcU_QmhyAtPE,Nicky's Coffee & Resto,CityCenter,Kigali,-1.944073,30.061885,OPERATIONAL,57,10.0,7.0,350000.0,7,3.5,0,1,0.5,0,0,0
ChIJ86gLwRil3BkRI2fMRccB62w,DIDI HOUSE,CityCenter,Kigali,-1.944073,30.061885,OPERATIONAL,57,10.0,8.5,350000.0,7,3.5,0,1,0.5,0,1,0
ChIJubvCcQCl3BkRk9gOCtW1Xno,شام شاورما,CityCenter,Kigali,-1.944073,30.061885,OPERATIONAL,57,10.0,6.0,350000.0,7,3.5,0,1,0.5,0,0,0
ChIJxUW-Kl-l3BkRqlLVWNuuHaE,oG Bar-88,CityCenter,Kigali,-1.944073,30.061885,OPERATIONAL,57,10.0,7.5,350000.0,7,3.5,0,1,0.5,0,1,0
ChIJQYV_1ROl3BkRpQd3eW4N5rc,Hoter,CityCenter,Kigali,-1.944073,30.061885,OPERATIONAL,57,10.0,8.5,350000.0,7,3.5,0,1,0.5,0,1,0
ChIJxyho3DCl3BkR7pe5keFXX5E,Healthy harvests,CityCenter,Kigali,-1.944073,30.061885,OPERATIONAL,57,10.0,6.0,350000.0,7,3.5,0,1,0.5,0,0,0
ChIJazR8kECl3BkRuwOD9GGkvzA,Esthy's Cuisine,CityCenter,Kigali,-1.944073,30.061885,OPERATIONAL,57,10.0,8.5,350000.0,7,3.5,0,1,0.5,0,1,0
ChIJP_cIhkWl3BkRu0Zf1GhTi3A,THE TRUTH QUICKY FOOD,CityCenter,Kigali,-1.944073,30.061885,OPERATIONAL,57,10.0,8.5,350000.0,7,3.5,0,1,0.5,0,1,0
ChIJVXzbW6Wl3BkR_NBd-hqQ98c,Sambusa Halali Design,CityCenter,Kigali,-1.944073,30.061885,OPERATIONAL,57,10.0,10.0,350000.0,7,3.7,3,1,0.5,0,1,0
ChIJFV8FFi2n3BkR60VCJzdCpEI,Best Nigerian Food In Kigali,CityCenter,Kigali,-1.943249,30.062457,OPERATIONAL,57,10.0,10.0,350000.0,7,4.1,16,1,0.5,0,1,1
ChIJk3ezmCak3BkRjCWtE6xU_ec,Bourbon Coffee,CityCenter,Kigali,-1.945105,30.06107,OPERATIONAL,57,10.0,10.0,600000.0,7,4.0,521,2,3.5,0,1,1
ChIJAzZ2UCGk3BkRxTUMeLjPKPQ,Dallas Restaurant,CityCenter,Kigali,-1.945577,30.061346,OPERATIONAL,57,10.0,7.0,350000.0,7,3.5,0,1,0.5,0,0,0
ChIJdyko0qOl3BkRqM11A591ExE,Downtown Bistro,CityCenter,Kigali,-1.946074,30.061491,OPERATIONAL,57,10.0,10.0,350000.0,6,4.2,48,1,0.5,0,1,1
ChIJFTV-ikOl3BkRYewjqFuvSIc,The House of Mandi,CityCenter,Kigali,-1.943796,30.059916,OPERATIONAL,56,10.0,10.0,600000.0,6,4.8,1189,2,7.9,0,1,1
ChIJK7jARACl3BkRJqSsHyATibk,HOME FOOD RESTO BAR,CityCenter,Kigali,-1.945706,30.060657,OPERATIONAL,57,10.0,7.5,350000.0,6,3.5,0,1,0.5,0,1,0
ChIJQ9AUcAal3BkRK9i5pNCtiw8,Cafè Camellia MIC,CityCenter,Kigali,-1.94236,30.060775,OPERATIONAL,56,10.0,10.0,600000.0,6,4.3,118,2,0.8,0,1,1
ChIJQyLQpyGk3BkRrOkwXru0nEY,Mwirembo Bar,CityCenter,Kigali,-1.941983,30.062797,OPERATIONAL,52,10.0,10.0,350000.0,6,4.0,2,1,0.5,0,1,0
ChIJ11CPzrGl3BkRpUEnoNNkwko,Blue Room Restaurant,CityCenter,Kigali,-1.94292,30.059861,OPERATIONAL,56,10.0,9.0,350000.0,6,5.0,3,1,0.5,0,1,0
ChIJdwpqWB-k3BkRocG3_igEvDE,Oxygene,CityCenter,Kigali,-1.941773,30.061576,OPERATIONAL,53,10.0,9.0,350000.0,6,3.9,8,1,0.5,0,1,0
ChIJT6AP5_yl3BkRQ-pwKHG-4tM,Indian Curries Restaurant and Bar,CityCenter,Kigali,-1.945413,30.05988,OPERATIONAL,55,10.0,10.0,350000.0,6,4.7,235,1,1.6,0,1,1
ChIJd-D5PQCl3BkRB2ghsNpiceY,Chef kimaranzara,CityCenter,Kigali,-1.942794,30.059837,OPERATIONAL,56,10.0,7.0,350000.0,6,3.5,0,1,0.5,0,0,0
ChIJ0UeFkF2l3BkRNmAVcQtqpxw,The Syrian House Restaurant مطعم البيت السوري مطعم عربي سوري,CityCenter,Kigali,-1.943165,30.059631,CLOSED_TEMPORARILY,56,10.0,6.0,350000.0,6,3.5,0,1,0.5,0,0,0
ChIJUaIqqiak3BkRHJuj8C3SxyA,Arona,CityCenter,Kigali,-1.946388,30.060904,OPERATIONAL,55,10.0,10.0,350000.0,6,3.8,6,1,0.5,0,1,0
ChIJV5zYNSKk3BkRhhmW0fCsWzI,Pizza Inn,CityCenter,Kigali,-1.943747,30.059422,OPERATIONAL,56,10.0,10.0,350000.0,6,3.9,9,1,0.5,1,1,0
ChIJoRnUIj-l3BkRj3mpk4pkCjY,Quelque Part Resto Bar,CityCenter,Kigali,-1.94277,30.059783,OPERATIONAL,56,10.0,10.0,350000.0,6,3.2,9,1,0.5,0,1,0
ChIJxSjFFkWl3BkRm8qGRaYcO3Q,Yummy-N-Fresh,CityCenter,Kigali,-1.946522,30.061083,OPERATIONAL,55,10.0,10.0,350000.0,6,4.6,11,1,0.5,0,1,0
ChIJSe4bX_Ol3BkRmheq_OfOBoM,Relax Bar & Restaurant,CityCenter,Kigali,-1.94507,30.059539,OPERATIONAL,56,10.0,10.0,350000.0,6,4.3,13,1,0.5,0,1,0
ChIJ3QdK9_Gp3BkRX2AnodGdqKg,Duish bar and grill,Gikondo,Kigali,-2.000003,30.068458,OPERATIONAL,1,0.6,10.0,350000.0,7,4.7,6,1,0.5,0,1,0
ChIJI0kfyTqp3BkRotrafEzb5zc,Le Jardin,Gikondo,Kigali,-1.996237,30.070488,OPERATIONAL,2,0.93,9.0,350000.0,5,3.5,4,1,0.5,0,1,0
ChIJwa5gkquo3BkRcpFz2GDqV3U,Juru Park,Gikondo,Kigali,-1.995248,30.070988,OPERATIONAL,3,1.2,10.0,350000.0,5,3.7,127,1,0.8,0,1,0
ChIJaxztvgCn3BkR2x1eIvJ1L64,Eagle View Lodge,Gikondo,Kigali,-1.992566,30.074116,OPERATIONAL,3,1.33,10.0,350000.0,3,4.6,288,1,1.9,0,1,1
ChIJefVES1qn3BkRm8NMZZt4AD4,Eagle View Restaurant,Gikondo,Kigali,-1.992543,30.074113,OPERATIONAL,3,1.33,10.0,350000.0,3,5.0,12,1,0.5,0,1,0
ChIJK0eSOcap3BkR4jVDhuSwBYE,Icyeza One Coffee Shop,Gikondo,Kigali,-1.994059,30.076649,OPERATIONAL,2,1.0,10.0,350000.0,3,4.9,7,1,0.5,0,1,0
ChIJi6-eR6-n3BkRPmXOqW8NbR8,Hotel Saint Jean Leopold,Kanombe,Kigali,-1.964283,30.140559,OPERATIONAL,0,0.4,10.0,350000.0,5,3.9,95,1,0.6,0,1,1
ChIJZSZ9SACn3BkRqJSwDVXGqOI,Favour Nigerian Special Meal Restaurant,Kanombe,Kigali,-1.973339,30.134701,OPERATIONAL,2,0.87,10.0,350000.0,4,4.1,9,1,0.5,0,1,0
ChIJnWuvewCn3BkR9urUWl7q2as,RwandAir Catering,Kanombe,Kigali,-1.963633,30.135552,OPERATIONAL,3,1.13,9.0,350000.0,4,3.0,1,1,0.5,0,1,0
ChIJZVDpb6Kn3BkRzmPVOesOpiU,Bourbon Coffee,Kanombe,Kigali,-1.96324,30.135047,OPERATIONAL,3,1.13,10.0,600000.0,4,3.9,487,2,3.2,0,1,1
ChIJYWdZo4On3BkRzCgddVxIa9I,Ikaze Bar,Kanombe,Kigali,-1.975135,30.134841,OPERATIONAL,2,0.87,8.5,350000.0,4,3.5,0,1,0.5,0,1,0
ChIJk7zeZACn3BkRgueJkBWyj5s,Sunshine Garden,Kanombe,Kigali,-1.973564,30.132285,OPERATIONAL,2,0.87,6.0,350000.0,3,3.5,0,1,0.5,0,0,0
ChIJaXOLDwCn3BkRDI5OCsPgQjs,A&A Restaurant,Kanombe,Kigali,-1.961699,30.136441,OPERATIONAL,3,1.13,8.5,350000.0,3,3.4,5,1,0.5,0,0,0
ChIJxVGG3G-n3BkRK7EiSAnogIY,Gashongore Restaurant Kabeza Branch,Kanombe,Kigali,-1.961777,30.134759,OPERATIONAL,3,1.13,10.0,350000.0,3,2.0,2,1,0.5,0,1,0
ChIJnb4ntwyh3BkR0ioKDSu5fsc,Arthills Boutique Hôtel,Kibagabaga,Kigali,-1.92039,30.09199,OPERATIONAL,8,2.6,9.0,350000.0,6,4.8,76,1,0.5,0,1,1
ChIJuVE5oCCh3BkR4h7lo5iN0Oo,Annapoorna Restaurant,Kibagabaga,Kigali,-1.920011,30.092194,OPERATIONAL,8,2.6,10.0,350000.0,6,4.7,3,1,0.5,0,1,0
ChIJudFjZLWh3BkRRzfp_dbYPWM,GACURIRO,Kibagabaga,Kigali,-1.922091,30.093923,OPERATIONAL,5,1.8,6.0,350000.0,5,3.5,0,1,0.5,0,0,0
ChIJc6o4SV-h3BkR0pSATSGu_6o,Kalisa kitchen,Kibagabaga,Kigali,-1.917099,30.0939,OPERATIONAL,6,2.07,8.5,350000.0,5,3.5,0,1,0.5,0,1,0
ChIJOReX-feh3BkR8vs9aWRtDDs,Oscar Restaurant,Kibagabaga,Kigali,-1.916583,30.094196,OPERATIONAL,6,2.07,7.5,350000.0,4,5.0,1,1,0.5,0,0,0
ChIJPynm-ruh3BkRZ4eZtNidVnE,Flavors of India by Malvika,Kibagabaga,Kigali,-1.916583,30.094196,OPERATIONAL,6,2.07,10.0,350000.0,4,4.0,1,1,0.5,0,1,0
ChIJlz8jO6Kh3BkRw9UGdMjjZtY,Le Youkounkoun 1965,Kibagabaga,Kigali,-1.923588,30.09446,OPERATIONAL,9,2.87,10.0,350000.0,4,4.0,37,1,0.5,0,1,1
ChIJN74uKQCh3BkRMZrXBvKS7w8,BUNZ,Kibagabaga,Kigali,-1.923495,30.094558,OPERATIONAL,9,2.87,10.0,350000.0,4,5.0,2,1,0.5,0,1,0
ChIJKfgNr6Ch3BkR7QuVzyL25dU,Le Balcon Lounge & Sports Bar,Kibagabaga,Kigali,-1.923483,30.0946,OPERATIONAL,9,2.87,10.0,350000.0,4,4.3,73,1,0.5,0,1,1
ChIJE3jWkTKn3BkRUaRtKELF5E8,Ugarit Mediterranean Restaurant,Kibagabaga,Kigali,-1.926006,30.091657,OPERATIONAL,4,1.4,10.0,350000.0,4,4.7,54,1,0.5,0,1,1
ChIJ3Ra1BNSn3BkREKB-AIRzoLc,Mocha Café Rwanda,Kibagabaga,Kigali,-1.926243,30.091453,OPERATIONAL,4,1.4,10.0,600000.0,4,4.6,318,2,2.1,0,1,1
ChIJ17l-v1yh3BkRzPcRICd48CE,Crêperie Royale,Kibagabaga,Kigali,-1.915709,30.09478,OPERATIONAL,4,1.4,8.5,350000.0,4,5.0,1,1,0.5,0,0,0
ChIJmzj1a_Gh3BkRVyuoVBul2fI,Salama Restaurant,Kibagabaga,Kigali,-1.917712,30.096361,OPERATIONAL,6,1.93,6.0,350000.0,4,3.5,0,1,0.5,0,0,0
ChIJT92ZHQCh3BkRiZ2QTqFTDug,FreshMeals Catering and Meal Prep,Kibagabaga,Kigali,-1.912834,30.088195,OPERATIONAL,2,0.87,10.0,350000.0,3,4.2,6,1,0.5,0,1,0
ChIJadia7S6h3BkR63qQZLLPusg,Mybelyz Health Bar,Kibagabaga,Kigali,-1.920539,30.098217,OPERATIONAL,2,0.8,10.0,350000.0,3,5.0,1,1,0.5,0,1,0
ChIJ9VfGlEuh3BkRvwWB-L4czSs,Star Shine Tonight Kwa Sikitu,Kibagabaga,Kigali,-1.911685,30.089246,OPERATIONAL,2,0.87,10.0,350000.0,3,1.0,1,1,0.5,0,1,0
ChIJSU_F3K-h3BkRAJzRXUirlX8,Mood Coffee Shop & Fast Foods,Kibagabaga,Kigali,-1.912409,30.08589,OPERATIONAL,2,0.87,10.0,350000.0,3,4.8,9,1,0.5,0,1,0
ChIJ0Rp8h2Kh3BkRMfpznioxi5U,MartiDabi,Kibagabaga,Kigali,-1.919478,30.098668,OPERATIONAL,2,0.8,6.0,350000.0,3,3.5,0,1,0.5,0,0,0
ChIJFzci6sym3BkRGFiIcdwPiXA,Masters Pizza,Kibagabaga,Kigali,-1.925244,30.097185,OPERATIONAL,4,1.4,10.0,600000.0,3,3.8,251,2,1.7,1,1,1
ChIJG94uiWmn3BkRk4aVOejgMYo,S B Pizza and Chicken Restaurant,Kibagabaga,Kigali,-1.92527,30.097194,OPERATIONAL,4,1.4,9.0,350000.0,3,3.0,2,1,0.5,1,1,0
ChIJoTFOIABb3BkR31yKXN90rGs,Bosco,Musanze,Northern,-1.5007,29.6325,OPERATIONAL,12,4.07,6.0,350000.0,6,3.5,0,1,0.5,0,0,0
ChIJ07d0TgBb3BkRADX2geA5CUc,Alyan,Musanze,Northern,-1.500722,29.632519,OPERATIONAL,12,4.07,6.0,350000.0,6,3.5,0,1,0.5,0,0,0
ChIJZ6Fqbgtb3BkR5N2dhOh6Pn4,Inkoko business,Musanze,Northern,-1.500722,29.632519,OPERATIONAL,12,4.07,7.5,350000.0,6,4.0,1,1,0.5,0,0,0
ChIJKzJnfXhb3BkRJLhvgfIYRAw,Jolie Bird Accommodation Bar and restaurant,Musanze,Northern,-1.500722,29.632519,OPERATIONAL,12,4.07,8.5,350000.0,6,3.5,0,1,0.5,0,1,0
ChIJ34b_i4xb3BkR2xSciB_ZwGM,EXPRESS BAR RESTO,Musanze,Northern,-1.500722,29.632519,OPERATIONAL,12,4.07,10.0,350000.0,6,4.0,3,1,0.5,0,1,0
ChIJ9cf9RGRb3BkRzCQZ5Y1BsEY,ISOKO COFFEE HOUSE,Musanze,Northern,-1.498447,29.636339,OPERATIONAL,6,2.33,10.0,350000.0,6,4.7,15,1,0.5,0,1,1
ChIJ08OXFERa3BkRgD5Jar7RIH4,Volcana Lounge,Musanze,Northern,-1.502398,29.633734,OPERATIONAL,10,3.33,10.0,600000.0,6,4.1,110,2,0.7,0,1,1
ChIJTSFPFkRa3BkREUsNYbKECQ4,Arizona Snack Bar,Musanze,Northern,-1.50268,29.633772,OPERATIONAL,10,3.33,9.0,350000.0,5,3.5,2,1,0.5,0,1,0
ChIJc-3rZ5pb3BkRGOWU-jc2TfU,The Garden Place Hotel,Musanze,Northern,-1.501688,29.636849,OPERATIONAL,8,2.93,10.0,350000.0,5,4.3,15,1,0.5,0,1,1
ChIJLZhj0gFb3BkRhJQuG-ZeR0M,Mabruki Cafe Resto,Musanze,Northern,-1.503464,29.632608,OPERATIONAL,10,3.4,9.0,350000.0,5,4.1,14,1,0.5,0,1,0
ChIJq6qqqkZa3BkRJvxzCVGU7J8,TM Bed & Breakfast,Musanze,Northern,-1.503464,29.632608,OPERATIONAL,10,3.4,7.5,350000.0,5,5.0,1,1,0.5,0,0,0
ChIJN2Ag87tb3BkRIxVpDePVLm0,Adventure Cafe Rwanda,Musanze,Northern,-1.498399,29.62922,CLOSED_TEMPORARILY,7,2.33,9.0,350000.0,5,4.3,12,1,0.5,0,1,0
ChIJuV9dt39b3BkR5ggbRu2INqM,The Delicious Chinese Restaurant,Musanze,Northern,-1.504252,29.630754,OPERATIONAL,11,3.67,10.0,350000.0,4,3.9,74,1,0.5,0,1,1
ChIJyaFDGVpb3BkRH_xZyVKrolE,Rhapis restaurant and catering services,Musanze,Northern,-1.498054,29.627407,OPERATIONAL,6,2.13,10.0,350000.0,4,4.3,3,1,0.5,0,1,0
ChIJhcO5UK1b3BkRY5UigJbGQqI,Sawa Zone,Musanze,Northern,-1.498846,29.626733,OPERATIONAL,7,2.67,6.0,350000.0,3,3.5,0,1,0.5,0,0,0
ChIJPUt1Xj1b3BkRWFTY8YztH5s,Traveling Roots Ltd,Musanze,Northern,-1.505065,29.629875,OPERATIONAL,5,2.13,10.0,350000.0,3,4.8,171,1,1.1,0,1,1
ChIJH38dQgBb3BkRK1Rt23A4Bug,Urugwiro fast food,Musanze,Northern,-1.497861,29.641682,OPERATIONAL,2,0.8,8.5,350000.0,3,3.5,0,1,0.5,0,1,0
ChIJj-MA76Vb3BkRDjkgGTXBXcc,laxyfastfood,Musanze,Northern,-1.491971,29.630674,OPERATIONAL,0,0.27,8.5,350000.0,3,3.5,0,1,0.5,0,1,0
ChIJA1IkAABb3BkRWaSxoU80PNQ,Chez Mugabo urugwiro Fast food,Musanze,Northern,-1.501501,29.641617,OPERATIONAL,4,1.4,7.5,350000.0,3,4.0,1,1,0.5,0,0,0
ChIJS62RiwNb3BkRc-y7vAqbF5o,The Hotpot Café,Musanze,Northern,-1.504516,29.627302,OPERATIONAL,4,1.87,10.0,350000.0,3,4.8,4,1,0.5,0,1,0
ChIJ24nXj-Rb3BkRdfIrOGxN5tY,Kigali FastBite,Musanze,Northern,-1.501074,29.625553,OPERATIONAL,6,2.2,8.5,350000.0,3,3.5,0,1,0.5,0,1,0
ChIJeWZQZFlb3BkRYFkRuU4I7O0,Planet Suit Restaurant,Musanze,Northern,-1.496093,29.642511,OPERATIONAL,1,0.53,10.0,350000.0,3,4.8,6,1,0.5,0,1,0
ChIJIakEhudb3BkRkxe2g4uft4w,Triple Guest House,Musanze,Northern,-1.50305,29.625892,OPERATIONAL,6,2.47,9.0,350000.0,2,4.8,52,1,0.5,0,1,1
ChIJZ06a6Y5b3BkR_eQVPKi9HJM,MUGUNGA BED & BREAKFAST,Musanze,Northern,-1.505113,29.641643,OPERATIONAL,19,5.6,7.5,350000.0,2,3.0,1,1,0.5,0,0,0
ChIJSR8IZyZb3BkRpSv1VX1Y-94,Restaurant,Musanze,Northern,-1.500311,29.62427,CLOSED_TEMPORARILY,5,1.93,9.0,350000.0,2,2.8,5,1,0.5,0,1,0
ChIJ-XDbp6Fb3BkRhiclDrSXUR4,ESSPASSO Home Boutique,Musanze,Northern,-1.495102,29.624581,OPERATIONAL,2,0.93,9.0,350000.0,2,3.9,15,1,0.5,0,1,1
ChIJsRmtwohb3BkRlrlvdL1HlnQ,Olympic Motel,Musanze,Northern,-1.499675,29.623361,OPERATIONAL,5,1.93,10.0,350000.0,2,4.7,3,1,0.5,0,1,0
ChIJs39Bk3xb3BkRA5eRyEdipUI,K8,Musanze,Northern,-1.508402,29.639185,OPERATIONAL,17,5.07,8.5,350000.0,2,3.5,0,1,0.5,0,1,0
ChIJT2d20C1b3BkRjTXDoIk9LHY,WAKANDA PUB (bar & restaurant and lodges),Musanze,Northern,-1.502584,29.644416,OPERATIONAL,5,1.73,10.0,350000.0,1,4.6,5,1,0.5,0,1,0
ChIJ76fWvcJb3BkRz5EwD3GKYBo,Minnak Restaurant,Musanze,Northern,-1.508775,29.639342,OPERATIONAL,18,5.33,10.0,350000.0,1,3.8,4,1,0.5,0,1,0
ChIJyzEr-l5b3BkRar8QKhnvpok,TETA AGRISTORE,Musanze,Northern,-1.502054,29.644766,OPERATIONAL,4,1.4,8.5,350000.0,1,3.5,0,1,0.5,0,1,0
ChIJlzN1EwBb3BkRkA6LL4BMjGs,Afri-India-Restaurant,Musanze,Northern,-1.510022,29.637564,OPERATIONAL,8,2.6,7.5,350000.0,1,1.0,2,1,0.5,0,0,0
ChIJzc0NxFVb3BkRnDnqvNiP42I,Rafa's Restaurant,Musanze,Northern,-1.508424,29.640939,OPERATIONAL,24,7.07,10.0,350000.0,1,5.0,1,1,0.5,0,1,0
ChIJZwZIJDZa3BkRqEO4RXsQGX8,Nyirantarengwa Coffee resto,Musanze,Northern,-1.507879,29.642173,OPERATIONAL,23,6.8,8.5,350000.0,1,3.5,4,1,0.5,0,0,0
ChIJw_IWTQBb3BkRMThdvjbCJlU,New Kimaranzara Restaurant,Musanze,Northern,-1.508401,29.64162,OPERATIONAL,25,7.4,9.0,350000.0,1,5.0,1,1,0.5,0,1,0
ChIJ8dU6F2hb3BkRT9G12P0ccLQ,Petit Café Français,Musanze,Northern,-1.508929,29.640973,OPERATIONAL,24,7.07,10.0,350000.0,1,3.8,4,1,0.5,0,1,0
ChIJga2MWgBb3BkRdU2edruBQg8,Kigombe River Motel,Musanze,Northern,-1.510533,29.638129,OPERATIONAL,10,3.13,9.0,350000.0,1,5.0,6,1,0.5,0,1,0
ChIJb9Do9LZb3BkRBQdYniSfaOM,La Cortina,Musanze,Northern,-1.508105,29.642498,OPERATIONAL,23,6.8,10.0,350000.0,1,5.0,1,1,0.5,0,1,0
ChIJow5jAgFb3BkReljffPJXZbY,Montana Restaurant/B&B Musanze,Musanze,Northern,-1.507277,29.643396,OPERATIONAL,23,6.8,10.0,350000.0,1,2.9,13,1,0.5,0,1,0
ChIJmaJiSMpb3BkRJQ3zv1DcQsU,Bewell,Musanze,Northern,-1.506908,29.64392,OPERATIONAL,22,6.6,10.0,350000.0,0,4.3,3,1,0.5,0,1,0
ChIJr0OPPgBb3BkRwnmqkriiFjQ,House of Boilo home kitchen,Musanze,Northern,-1.507371,29.643546,OPERATIONAL,23,6.8,10.0,350000.0,0,4.9,9,1,0.5,0,1,0
ChIJ4yQw7j5b3BkRaOdSik5qTZY,Home kitchen,Musanze,Northern,-1.50908,29.641718,OPERATIONAL,25,7.4,10.0,350000.0,0,4.1,10,1,0.5,0,1,0
ChIJg5BJkeNb3BkR5W_ON9Sq7Sg,Star lounge,Musanze,Northern,-1.508038,29.643196,OPERATIONAL,23,6.8,8.5,350000.0,0,5.0,2,1,0.5,0,0,0
ChIJJxKOPLZb3BkRu9p9LssATfg,Lippia Restaurant,Musanze,Northern,-1.507353,29.643893,OPERATIONAL,21,6.27,10.0,350000.0,0,4.3,43,1,0.5,0,1,1
ChIJG4JMQDZa3BkRnQ1m0KdZpLE,Green Garden,Musanze,Northern,-1.509553,29.641857,OPERATIONAL,26,7.73,9.0,350000.0,0,4.8,4,1,0.5,0,1,0
ChIJM0fUbTZa3BkRtEpflA7-5Z4,Silverback Top Link Restaurant,Musanze,Northern,-1.509,29.64321,OPERATIONAL,24,7.07,9.0,350000.0,0,3.8,4,1,0.5,0,1,0
ChIJtW9xCjZa3BkRM5NzpxGfAHc,Bar Stella,Musanze,Northern,-1.508401,29.644118,OPERATIONAL,22,6.53,7.0,350000.0,0,3.5,0,1,0.5,0,0,0
ChIJTaQ7kH1b3BkRV8x75oJoRFs,New no lemy,Musanze,Northern,-1.503513,29.647107,OPERATIONAL,3,1.2,7.5,350000.0,0,5.0,2,1,0.5,0,0,0
ChIJo1ZljzZa3BkRzDaoTG5orFQ,Shakeys Restaurant,Musanze,Northern,-1.510007,29.643353,OPERATIONAL,23,6.8,7.0,350000.0,0,3.5,0,1,0.5,0,0,0
ChIJ6Qp30i5b3BkRKX2SxczW2RM,Patrick ltd,Musanze,Northern,-1.509333,29.644094,OPERATIONAL,21,6.27,10.0,350000.0,0,5.0,2,1,0.5,0,1,0
ChIJwbsBwTZa3BkR3KLH1-y0HMQ,Katima Restaurant,Musanze,Northern,-1.510858,29.642484,OPERATIONAL,24,7.2,10.0,350000.0,0,4.3,11,1,0.5,0,1,0
ChIJaWdpxTVa3BkRVC1u_0rhM7k,8shakeys resto-bar,Musanze,Northern,-1.509043,29.644953,OPERATIONAL,21,6.27,10.0,350000.0,0,3.0,6,1,0.5,0,1,0
ChIJJ6GpLTRa3BkRGQz8EdeFqFU,Woodley Bar,Musanze,Northern,-1.509769,29.644723,CLOSED_TEMPORARILY,21,6.27,9.0,350000.0,0,2.5,4,1,0.5,0,1,0
ChIJjzw7yDVa3BkRNgKBEbTbhd8,Umutekano Bar and Lodge,Musanze,Northern,-1.509325,29.645498,OPERATIONAL,19,5.73,6.0,350000.0,0,3.5,0,1,0.5,0,0,0
ChIJGXXxIj9b3BkR9kmsJs6r0_A,Go-Lax Restaurant,Musanze,Northern,-1.512768,29.641132,OPERATIONAL,10,3.13,10.0,350000.0,0,3.0,2,1,0.5,0,1,0
ChIJSZLPIJ1b3BkRraCdaFsu-FI,Friends Cafe and Restaurant,Musanze,Northern,-1.50164,29.618139,OPERATIONAL,0,0.27,10.0,350000.0,0,5.0,14,1,0.5,0,1,0
ChIJ3dWarTVa3BkRuJxw5IVbkCc,Bar Inguni y'Amahoro,Musanze,Northern,-1.509442,29.646341,OPERATIONAL,17,5.2,8.5,350000.0,0,3.7,3,1,0.5,0,0,0
ChIJQ-eKkdVb3BkRM7Q4YqefPB4,Kwa nyiraneza (maneza),Musanze,Northern,-1.511199,29.623148,OPERATIONAL,0,0.27,7.5,350000.0,0,3.5,0,1,0.5,0,1,0
ChIJ34oR0Epa3BkRE3wjibm_u3E,Chantal Mini Bar,Musanze,Northern,-1.5058,29.649244,OPERATIONAL,2,0.87,10.0,350000.0,0,3.4,9,1,0.5,0,1,0
ChIJ3W5VBgBb3BkRuuYcsdtqCX8,UBUMWE RESTO - 🍻,Musanze,Northern,-1.50852,29.648365,OPERATIONAL,7,2.4,10.0,350000.0,0,4.3,3,1,0.5,0,1,0
ChIJWV8nTAB_3BkRQhwe8YYujL0,Ebenezer Restaurant,Byumba,Northern,-1.578716,30.068107,OPERATIONAL,1,0.53,9.0,350000.0,6,5.0,1,1,0.5,0,1,0
ChIJTaklZgd-3BkRT_rXSzhZDaI,Nice Garden,Byumba,Northern,-1.580014,30.067192,OPERATIONAL,1,0.53,10.0,600000.0,5,3.7,66,2,0.5,0,1,0
ChIJsSxmOOx93BkRhZjSG3y5lss,Bar la confiane,Byumba,Northern,-1.576224,30.063692,OPERATIONAL,0,0.27,9.0,350000.0,5,3.2,11,1,0.5,0,1,0
ChIJH6zUIQCH3BkRix7pZs2E9lI,IKAZE RESTAURANT,Byumba,Northern,-1.588237,30.055919,OPERATIONAL,0,0.27,8.5,350000.0,0,5.0,3,1,0.5,0,0,0
ChIJ7YiDn3WR3BkRyiJOWpKZZuk,BAR 🍺 SAWASAWA,Rulindo,Northern,-1.742249,29.944501,OPERATIONAL,0,0.33,7.5,350000.0,0,4.0,1,1,0.5,0,0,0
ChIJ752mmPgMwxkRlvBJT-JsFKc,Casa Hotel Ltd,Huye,Southern,-2.605286,29.740779,OPERATIONAL,17,5.27,9.0,350000.0,2,3.9,171,1,1.1,0,1,1
ChIJ2f2vQQsNwxkRON7qvLvAw6A,La GUSTO,Huye,Southern,-2.597004,29.739518,OPERATIONAL,6,1.93,10.0,350000.0,7,4.1,18,1,0.5,0,1,1
ChIJC84-5vcMwxkRZ-p-kNxx09g,Cactus,Huye,Southern,-2.595659,29.743161,CLOSED_TEMPORARILY,4,1.53,9.0,350000.0,5,3.6,5,1,0.5,0,1,0
ChIJlxAndeINwxkRI0959SRUW5Y,E-Bis,Huye,Southern,-2.599712,29.742629,OPERATIONAL,13,4.0,10.0,350000.0,5,3.8,120,1,0.8,0,1,1
ChIJMfDYWgANwxkRMdlesPfZg9A,Amoefi's villa,Huye,Southern,-2.600517,29.74192,OPERATIONAL,14,4.27,6.0,350000.0,5,3.5,0,1,0.5,0,0,0
ChIJWVQ9BgANwxkRFy5znXvMhug,Safi safi HUYE restaurant,Huye,Southern,-2.600517,29.74192,OPERATIONAL,14,4.27,7.0,350000.0,5,3.5,0,1,0.5,0,0,0
ChIJca7UBTkNwxkR2GcBamZfWmU,Habical bar& restaurant,Huye,Southern,-2.600517,29.74192,OPERATIONAL,14,4.27,7.0,350000.0,5,3.5,0,1,0.5,0,0,0
ChIJzd_SpL0NwxkRACtfUSyWaT4,Chez Egide,Huye,Southern,-2.600517,29.74192,OPERATIONAL,14,4.27,7.0,350000.0,5,3.5,0,1,0.5,0,0,0
ChIJD1xj8WAMwxkRO7bBrxhhV0w,Chinese Restaurant - Good to Back,Huye,Southern,-2.601023,29.741976,OPERATIONAL,16,4.87,10.0,350000.0,4,4.1,309,1,2.1,0,1,1
ChIJJ-AYsykNwxkR003HwbomVlw,Africano Restaurant in Huye - Rwanda / Gout Africain Ltd,Huye,Southern,-2.599813,29.743562,OPERATIONAL,10,3.13,10.0,350000.0,4,3.8,113,1,0.8,0,1,1
ChIJXWr5618MwxkRo_EI-wi1xOk,Amafu ya Huye,Huye,Southern,-2.602483,29.741417,OPERATIONAL,18,5.6,10.0,350000.0,4,3.7,198,1,1.3,0,1,0
ChIJXzcJ3V8MwxkRC3o8KZde9dg,Hotel Mu Gisaza,Huye,Southern,-2.602983,29.740841,OPERATIONAL,21,6.4,9.0,350000.0,3,3.5,25,1,0.5,0,1,0
ChIJxevRCgANwxkRmB1Ri5oqgqI,Huye Complex Car park,Huye,Southern,-2.590187,29.743588,OPERATIONAL,4,1.87,10.0,350000.0,3,3.0,8,1,0.5,0,1,0
ChIJq4_0XPUMwxkRNhVeJbdsbIA,Cascade Restaurant,Huye,Southern,-2.602354,29.74319,OPERATIONAL,16,4.87,10.0,350000.0,3,3.5,18,1,0.5,0,1,0
ChIJOTcscQgNwxkRCCUp9TbpHFc,City Snack Resto Bar,Huye,Southern,-2.603569,29.740625,OPERATIONAL,21,6.4,10.0,350000.0,3,4.1,29,1,0.5,0,1,1
ChIJ6620jtUNwxkRFaNFqJTm3tU,BIG SINAPOSI,Huye,Southern,-2.59056,29.744901,OPERATIONAL,4,1.87,9.0,350000.0,3,5.0,1,1,0.5,0,1,0
ChIJE74MVwANwxkRh_N0MiZqMtw,New TEQUILA Bar & Fast Food,Huye,Southern,-2.603773,29.741023,OPERATIONAL,20,6.13,7.0,350000.0,3,3.5,0,1,0.5,0,0,0
ChIJt8AIAAANwxkRLafS467cdlI,Hotel Saint NOLAN,Huye,Southern,-2.590396,29.744814,OPERATIONAL,4,1.87,9.0,350000.0,3,4.3,4,1,0.5,0,1,0
ChIJ4witUfEMwxkRqo8UMBQdKJ8,Hotel Mater Boni Consilii,Huye,Southern,-2.596754,29.747254,OPERATIONAL,2,1.07,9.0,350000.0,3,4.1,360,1,2.4,0,1,1
ChIJUTnGBDwNwxkROqET_DTboC8,Eden café,Huye,Southern,-2.60437,29.739817,OPERATIONAL,21,6.4,10.0,350000.0,3,3.9,43,1,0.5,0,1,1
ChIJ73kJXWAMwxkRYoy_SmGBLTY,La Différence Restaurant,Huye,Southern,-2.604377,29.740169,OPERATIONAL,21,6.4,8.5,350000.0,3,4.0,1,1,0.5,0,0,0
ChIJ5ct49WAMwxkRkyz0amEJtTg,Kwa Gicumba Restaurant,Huye,Southern,-2.604647,29.739718,OPERATIONAL,18,5.53,7.5,350000.0,3,1.7,3,1,0.5,0,0,0
ChIJF6r0-hUNwxkRk-NFRnOcvik,Kwa Zirakamwa,Huye,Southern,-2.604727,29.739772,OPERATIONAL,18,5.53,10.0,350000.0,3,5.0,1,1,0.5,0,1,0
ChIJB2fo8OQNwxkRYeBX32vcUi0,Eternal Restaurant,Huye,Southern,-2.604678,29.737446,OPERATIONAL,16,5.0,10.0,350000.0,3,3.0,2,1,0.5,0,1,0
ChIJmdvXOvkMwxkRBReqqdhBXAc,Kwa Gikongoro Restaurant,Huye,Southern,-2.590801,29.74628,OPERATIONAL,5,2.2,10.0,350000.0,3,3.7,12,1,0.5,0,1,0
ChIJRU61RfwNwxkRuAeEzQ3CqQs,Ample Solutions Ltd.,Huye,Southern,-2.605257,29.738802,OPERATIONAL,17,5.27,10.0,350000.0,2,5.0,2,1,0.5,0,1,0
ChIJ72jzpJkNwxkR0JWc4gYnFZI,Sports Corner,Huye,Southern,-2.594281,29.748235,OPERATIONAL,3,1.73,7.0,350000.0,2,3.5,0,1,0.5,0,0,0
ChIJ8xCF41ANwxkRiyIuXZ3IWvE,Noon Resaurant,Huye,Southern,-2.605515,29.738666,OPERATIONAL,18,5.67,8.5,350000.0,2,3.5,0,1,0.5,0,1,0
ChIJO2csXAANwxkR63_iFizDg6E,La famille RESTO-BAR,Huye,Southern,-2.605631,29.738024,OPERATIONAL,17,5.4,10.0,350000.0,2,5.0,2,1,0.5,0,1,0
ChIJaXY1oN8NwxkR3Fwzv146Xqk,Terra Viva Restaurant,Huye,Southern,-2.605627,29.737381,OPERATIONAL,18,5.67,7.0,350000.0,2,3.5,0,1,0.5,0,0,0
ChIJ81_SWvkMwxkRCfebYTCTDDo,Happiness Star Motel B,Huye,Southern,-2.590365,29.747304,OPERATIONAL,5,2.2,9.0,350000.0,2,3.9,52,1,0.5,0,1,1
ChIJfZUhXWEMwxkRG4QYcWb5DsA,Shekinah Restaurant,Huye,Southern,-2.607207,29.738003,OPERATIONAL,16,4.93,10.0,350000.0,1,3.0,7,1,0.5,0,1,0
ChIJKX3EAXoNwxkRNLtpktxUthw,Chez athanase Eden,Huye,Southern,-2.60775,29.736813,OPERATIONAL,14,4.33,7.5,350000.0,1,3.5,0,1,0.5,0,1,0
ChIJl1yDcjgNwxkRUZ4GOhPrjP4,shimiyimana eric,Huye,Southern,-2.608216,29.739603,OPERATIONAL,18,5.47,7.5,350000.0,1,3.5,0,1,0.5,0,1,0
ChIJ64S1ZCgNwxkRoKR6jUqDGCk,Fiver star dinner,Huye,Southern,-2.608683,29.736225,OPERATIONAL,12,3.8,7.5,350000.0,0,3.5,0,1,0.5,0,1,0
ChIJue-aM2INwxkRoelivSnmU1A,Isaac Barista & Training Center,Huye,Southern,-2.609357,29.736926,OPERATIONAL,17,5.2,10.0,350000.0,0,5.0,3,1,0.5,0,1,0
ChIJL9EdyuoNwxkRj4LjOgWYX6w,Vito Bar &Restaurant,Huye,Southern,-2.609336,29.735043,OPERATIONAL,7,2.27,9.0,350000.0,0,4.0,1,1,0.5,0,1,0
ChIJDzYUNmMMwxkRLnX0ETbl5sY,Wariraye Building,Huye,Southern,-2.611735,29.738328,OPERATIONAL,13,4.13,8.5,350000.0,0,3.5,6,1,0.5,0,0,0
ChIJo1zNuboNwxkRLLtYCMXpnZw,Fresh Rolex,Huye,Southern,-2.611785,29.738141,OPERATIONAL,13,4.13,10.0,350000.0,0,4.2,49,1,0.5,0,1,1
ChIJ3-1h0XwMwxkRbZDdTBdH6jc,Iluminatio Restaurant,Huye,Southern,-2.612237,29.739256,OPERATIONAL,10,3.33,8.5,350000.0,0,3.5,2,1,0.5,0,0,0
ChIJK1FBIX0MwxkRreFybr3S3xc,New Texas,Huye,Southern,-2.612709,29.739623,OPERATIONAL,10,3.33,10.0,350000.0,0,2.7,3,1,0.5,0,1,0
ChIJCZ3a23wMwxkRYXPRZjSyT7s,Blessing Restaurant,Huye,Southern,-2.612762,29.739281,OPERATIONAL,9,3.07,8.5,350000.0,0,4.4,5,1,0.5,0,0,0
ChIJS-It2XwMwxkRLeURgqeJtw4,Kwa Mariya Restaurant,Huye,Southern,-2.61281,29.739478,OPERATIONAL,9,3.07,7.5,350000.0,0,4.0,3,1,0.5,0,0,0
ChIJQYmIoUYNwxkRq0eNFpQ8OiY,Amoris Restaurant,Huye,Southern,-2.613042,29.739233,OPERATIONAL,9,3.07,10.0,350000.0,0,2.7,3,1,0.5,0,1,0
ChIJZxJ1ExkNwxkRq4L61jeG-0Q,TAVIA TASTE RESTAURANT,Huye,Southern,-2.613417,29.738614,OPERATIONAL,9,3.07,10.0,350000.0,0,5.0,3,1,0.5,0,1,0
ChIJAzHCensMwxkR1sfT0yYBHMw,Kiza Restaurant,Huye,Southern,-2.613794,29.736202,OPERATIONAL,9,3.07,10.0,350000.0,0,4.9,9,1,0.5,0,1,0
ChIJ6fz4FR0NwxkRIx8_Ge02QBM,Kwa Ndamukunda,Huye,Southern,-2.584204,29.755644,OPERATIONAL,0,0.27,9.0,350000.0,0,3.3,20,1,0.5,0,1,0
ChIJdSER_H8MwxkRXf7J1jn0-Qs,5/5 Bar & Restaurant,Huye,Southern,-2.620338,29.742246,OPERATIONAL,3,1.27,10.0,350000.0,0,3.0,16,1,0.5,0,1,0
ChIJAV4S_38MwxkRB7r3DLcpsp4,Hilltop,Huye,Southern,-2.62057,29.742372,OPERATIONAL,3,1.27,8.5,350000.0,0,4.0,1,1,0.5,0,0,0
ChIJP2sJOQALwxkRkA6rdSc4EZA,Hills view Guest house,Huye,Southern,-2.622366,29.738985,OPERATIONAL,3,1.27,9.0,350000.0,0,5.0,1,1,0.5,0,1,0
ChIJ7_kbp2ULwxkR3bnvAJzojOA,G's Food,Huye,Southern,-2.622366,29.738985,OPERATIONAL,3,1.27,6.0,350000.0,0,3.5,0,1,0.5,0,0,0
ChIJJ5ArZTfK3BkRlELAj9Cc2z4,Mater Dei Motel,Muhanga,Southern,-2.082182,29.753677,OPERATIONAL,9,2.87,10.0,350000.0,7,3.6,74,1,0.5,0,1,0
ChIJV1kyDPDL3BkRIEgu3Uk35x0,Stony Platforms,Muhanga,Southern,-2.082571,29.751622,OPERATIONAL,8,2.6,7.5,350000.0,6,3.5,0,1,0.5,0,1,0
ChIJ1ZDv3PHL3BkRgsDo047znVs,Halal Corner,Muhanga,Southern,-2.079785,29.755814,OPERATIONAL,1,0.67,7.5,350000.0,6,3.5,0,1,0.5,0,1,0
ChIJISCEewDL3BkR7m_7C58yeXo,Mucyo,Muhanga,Southern,-2.0843,29.751386,OPERATIONAL,10,3.13,7.5,350000.0,6,4.0,1,1,0.5,0,0,0
ChIJUQoNbqvL3BkRDnUJvniV2ys,Trading,Muhanga,Southern,-2.0843,29.751386,OPERATIONAL,10,3.13,7.0,350000.0,6,3.5,0,1,0.5,0,0,0
ChIJX4BB58zL3BkRRDHtOKbDqzw,ACEJ RESTAURENT,Muhanga,Southern,-2.0843,29.751386,OPERATIONAL,10,3.13,7.5,350000.0,6,3.5,0,1,0.5,0,1,0
ChIJwaqk62_L3BkRijtlt9dngM8,Muhanga group SILOAM,Muhanga,Southern,-2.0843,29.751386,OPERATIONAL,10,3.13,9.0,350000.0,6,3.8,24,1,0.5,0,1,1
ChIJAahzmDzL3BkRr6hgoLGXX1Y,Restaurant Tranquillité,Muhanga,Southern,-2.083366,29.750774,OPERATIONAL,9,2.87,9.0,350000.0,6,3.7,49,1,0.5,0,1,0
ChIJf65hWPbL3BkRxdjv-7z-c3Y,City View Restaurant,Muhanga,Southern,-2.084955,29.751463,OPERATIONAL,10,3.13,9.0,350000.0,5,4.1,8,1,0.5,0,1,0
ChIJDZUai1LL3BkReaC5RTWUK9k,مطعم,Muhanga,Southern,-2.086535,29.752987,OPERATIONAL,13,4.13,9.0,350000.0,5,3.5,4,1,0.5,0,1,0
ChIJv7wtWuvL3BkRk-OAjZ0k1Lg,BAHO Restaurant,Muhanga,Southern,-2.087047,29.75252,OPERATIONAL,11,3.4,7.0,350000.0,5,3.5,0,1,0.5,0,0,0
ChIJ9bywyqHL3BkRlQ0aCHJ9CUw,FEFU FAVORITE SHOP,Muhanga,Southern,-2.087493,29.754359,OPERATIONAL,10,3.13,10.0,350000.0,4,5.0,1,1,0.5,0,1,0
ChIJK80G8GrL3BkRehhyqwIwyr0,PLATEAU BAR RESTO,Muhanga,Southern,-2.088987,29.755747,OPERATIONAL,5,1.8,9.0,350000.0,3,3.5,18,1,0.5,0,1,0
ChIJRbFxXQDL3BkRpNGMejqN4IY,Fatima bungalow bar and grill,Muhanga,Southern,-2.089251,29.754795,OPERATIONAL,5,1.8,8.5,350000.0,3,3.5,0,1,0.5,0,1,0
ChIJhwqERAC53BkRrzLfGEEiZ70,Yaounde Bar and Restaurant,Muhanga,Southern,-2.089383,29.754644,OPERATIONAL,5,1.8,9.0,350000.0,3,4.0,4,1,0.5,0,1,0
ChIJ-Tx_dynL3BkRzgilnVi55VY,Idembe Heritage,Muhanga,Southern,-2.081049,29.774233,OPERATIONAL,0,0.4,9.0,350000.0,0,4.5,59,1,0.5,0,1,1
ChIJPwzhYwA_wxkRIelQOGFk8rM,Mukoni,Nyanza,Southern,-2.349608,29.751307,OPERATIONAL,3,1.07,6.0,350000.0,3,3.5,0,1,0.5,0,0,0
ChIJL0LXvSM_wxkRE7B5twSv-Pc,Cenko's amafu restourent,Nyanza,Southern,-2.349608,29.751307,OPERATIONAL,3,1.07,6.0,350000.0,3,3.5,0,1,0.5,0,0,0
ChIJexzm0xI_wxkRG7WOoigACVw,Welcome to Kindi's Bar&Restaurant,Nyanza,Southern,-2.352875,29.752309,OPERATIONAL,3,1.07,10.0,350000.0,3,4.2,100,1,0.7,0,1,1
ChIJqeMLHxw_wxkR3Z0xkdpogVo,BISMILLAH RESTAURANT,Nyanza,Southern,-2.353829,29.752621,OPERATIONAL,3,1.07,7.5,350000.0,2,4.5,2,1,0.5,0,0,0
ChIJgWhbbqw_wxkRgDfN_7-UQq0,NYANZA ROYAL GATE APARTMENT,Nyanza,Southern,-2.34923,29.758179,OPERATIONAL,0,0.4,8.5,350000.0,0,3.5,0,1,0.5,0,1,0
ChIJFRhHktE_wxkRChRsmSMXEls,Rerumwana Center Restaurant,Nyanza,Southern,-2.351119,29.767348,OPERATIONAL,4,1.33,10.0,350000.0,0,4.2,25,1,0.5,0,1,1
ChIJ-z6TSH0_wxkRjevW7iN_jxk,Chez Ramadhan,Nyanza,Southern,-2.347122,29.768344,OPERATIONAL,2,0.8,7.5,350000.0,0,4.5,2,1,0.5,0,0,0
ChIJz5e7MNY_wxkRLTauXqRVKIw,Sunrise Bar,Nyanza,Southern,-2.347076,29.768373,OPERATIONAL,2,0.8,9.0,350000.0,0,3.7,3,1,0.5,0,1,0
ChIJXf0-8Uo_wxkRDzOMJdxsF5w,Gaby resto & bar,Nyanza,Southern,-2.351856,29.76892,OPERATIONAL,2,0.8,7.0,350000.0,0,3.5,0,1,0.5,0,0,0
ChIJvccx8zo_wxkRpdvHrfcZUZs,Dachrispe Fastfood,Nyanza,Southern,-2.35249,29.769057,OPERATIONAL,2,0.8,8.5,350000.0,0,3.5,0,1,0.5,0,1,0
ChIJqQ6aHbU4wxkRxSGVjJIKB2Y,Haji Enterprise,Nyanza,Southern,-2.341493,29.768633,OPERATIONAL,0,0.27,10.0,350000.0,0,3.8,132,1,0.9,0,1,1
ChIJJThm8cI3wxkRpdPrF3NCUlw,Uruganiriro Hit Bar,Ruhango,Southern,-2.23254,29.780241,OPERATIONAL,0,0.33,7.5,350000.0,0,3.5,0,1,0.5,0,1,0
ChIJ3VpZfAA3wxkRqlo9pEMeN3g,Nuwid group Ltd ruhango icveye cafe food restaurant,Ruhango,Southern,-2.236942,29.787793,OPERATIONAL,2,0.8,9.0,350000.0,0,4.0,4,1,0.5,0,1,0
ChIJB474OQA3wxkReF4QZPMslQw,RENE'S RESTAURANT,Ruhango,Southern,-2.237702,29.788019,OPERATIONAL,2,0.8,10.0,350000.0,0,4.0,2,1,0.5,0,1,0
ChIJkym4jvY3wxkRJlZVWRhxvRU,Resto-Bar Izihirwe,Ruhango,Southern,-2.238653,29.788937,OPERATIONAL,2,0.8,8.5,350000.0,0,5.0,6,1,0.5,0,0,0
ChIJ44UhJIBG2xkRY9jD1Del8Fw,Detente Restaurant,Rwamagana,Eastern,-1.950075,30.436077,OPERATIONAL,7,2.2,7.5,350000.0,7,3.3,7,1,0.5,0,0,0
ChIJU685Pd9H2xkRu7zg53CRl3k,maranata restaurant,Rwamagana,Eastern,-1.949611,30.436528,OPERATIONAL,6,2.0,7.0,350000.0,7,3.5,0,1,0.5,0,0,0
ChIJAQoXWbZF2xkRjrzV_74WQ5c,Vella coffee,Rwamagana,Eastern,-1.951522,30.434085,OPERATIONAL,5,1.67,10.0,350000.0,6,5.0,4,1,0.5,0,1,0
ChIJc8T-r1JF2xkR9k1uXCQSRtA,Ombre du midi restaurant and coffee shop,Rwamagana,Eastern,-1.951547,30.433592,OPERATIONAL,5,1.67,8.5,350000.0,6,3.5,0,1,0.5,0,1,0
ChIJOUST_21H2xkREhWoxlSY1Cc,MATSHOP 250 Chez Dallas,Rwamagana,Eastern,-1.945589,30.435396,OPERATIONAL,1,0.6,10.0,350000.0,6,4.8,4,1,0.5,0,1,0
ChIJwVVJg39G2xkRSjOD07a0NSo,Dieta Bar & Restaurant,Rwamagana,Eastern,-1.953332,30.436449,OPERATIONAL,10,3.0,10.0,350000.0,5,2.9,11,1,0.5,0,1,0
ChIJeZBqBgBH2xkRHR_7p8NlCZ4,Munyaneza,Rwamagana,Eastern,-1.953513,30.438644,OPERATIONAL,8,2.47,6.0,350000.0,4,3.5,0,1,0.5,0,0,0
ChIJy17TSQBH2xkRsZrPbH2SSiE,Rwamagana,Rwamagana,Eastern,-1.953596,30.43874,OPERATIONAL,7,2.2,7.5,350000.0,4,3.5,0,1,0.5,0,1,0
ChIJi6YPd9hH2xkR7HdIXSNw-hU,akabari,Rwamagana,Eastern,-1.953596,30.43874,OPERATIONAL,7,2.2,9.0,350000.0,4,3.0,1,1,0.5,0,1,0
ChIJXS7kVtpH2xkRdXEuqsf0RBY,R. Classic,Rwamagana,Eastern,-1.955075,30.436049,OPERATIONAL,8,2.47,10.0,350000.0,4,4.2,24,1,0.5,0,1,1
ChIJnSE_vZpH2xkRy1PKEA73-t4,CLAUDE FAST FOOD&RESTAURENTS,Rwamagana,Eastern,-1.956041,30.438067,OPERATIONAL,6,1.93,10.0,350000.0,3,3.7,3,1,0.5,0,1,0
ChIJ_3mbKElH2xkRHZ1Z0Hblkak,Canteen and esto chez bonna,Rwamagana,Eastern,-1.956725,30.437791,OPERATIONAL,6,1.93,8.5,350000.0,3,4.0,2,1,0.5,0,0,0
ChIJoY0ZASFH2xkRzONiK1I_uzs,Restaurant belle vie,Rwamagana,Eastern,-1.962801,30.436002,OPERATIONAL,0,0.27,10.0,350000.0,0,3.0,1,1,0.5,0,1,0
ChIJ8fDYTgBF2xkRCks0ljb7mjE,B Chicken Farm Pro,Rwamagana,Eastern,-1.951969,30.421268,OPERATIONAL,0,0.27,8.5,350000.0,0,3.5,0,1,0.5,1,1,0
ChIJzW-mwSlH2xkRKlKKKUJfaxc,Oegea cantiune & restaurant,Rwamagana,Eastern,-1.958027,30.447212,OPERATIONAL,0,0.27,7.5,350000.0,0,5.0,1,1,0.5,0,0,0
ChIJQzJBaSNH2xkRhmGtF5pohI0,Smith's and Marina's Bar & Restaurant,Rwamagana,Eastern,-1.943975,30.452095,OPERATIONAL,0,0.33,8.5,350000.0,0,3.5,0,1,0.5,0,1,0
ChIJ852qRgBF2xkRucsofRO9wCU,Jado,Rwamagana,Eastern,-1.936744,30.419736,OPERATIONAL,0,0.27,9.0,350000.0,0,4.0,1,1,0.5,0,1,0
ChIJhTeLlrFF2xkRq6dD7_AhN3s,New Flame,Rwamagana,Eastern,-1.975352,30.434297,OPERATIONAL,0,0.33,8.5,350000.0,0,3.5,0,1,0.5,0,1,0
ChIJQZuBoQ3z2xkR0AzeQxKGaMg,Damica boutique hotel,Nyagatare,Eastern,-1.298773,30.324031,OPERATIONAL,0,0.27,10.0,350000.0,5,4.3,7,1,0.5,0,1,0
ChIJF5E1aQDz2xkR2o6DVQmaeSk,The Best Resto,Nyagatare,Eastern,-1.29856,30.332831,OPERATIONAL,0,0.27,9.0,350000.0,5,5.0,1,1,0.5,0,1,0
ChIJ0xkw3Zbz2xkR7HOYPrp2CGQ,"Umutara AF LTD Coffee Shop, Bar $ Restaurant",Nyagatare,Eastern,-1.293215,30.329193,OPERATIONAL,5,2.0,9.0,350000.0,5,5.0,4,1,0.5,0,1,0
ChIJFbfa1L_z2xkRmqsXKEW1KwE,Ltalian coffee,Nyagatare,Eastern,-1.293929,30.325195,OPERATIONAL,5,1.93,10.0,350000.0,5,2.8,4,1,0.5,0,1,0
ChIJY5YvuDHz2xkRhEYU0kw3UvU,Resto Bon Appetit,Nyagatare,Eastern,-1.292712,30.329075,OPERATIONAL,5,2.0,6.0,350000.0,4,3.5,0,1,0.5,0,0,0
ChIJ19Adl5zz2xkRQsoRuHoiZZ4,INEZA Restaurent,Nyagatare,Eastern,-1.29361,30.324481,OPERATIONAL,3,1.07,6.0,350000.0,4,3.5,0,1,0.5,0,0,0
ChIJV-d-eubz2xkR8WBG-QR41OM,Restaurant (Kwa Mameni),Nyagatare,Eastern,-1.302828,30.331045,OPERATIONAL,0,0.27,9.0,350000.0,4,5.0,1,1,0.5,0,1,0
ChIJ90UDKpDz2xkRDl4WQ0JA2zI,UMUKINDO Guest House & Restaurant,Nyagatare,Eastern,-1.292059,30.327692,OPERATIONAL,6,2.27,8.5,350000.0,4,3.5,0,1,0.5,0,1,0
ChIJtZbLDwDz2xkRLFtmj3kTNOg,Niyonsaba Patrick,Nyagatare,Eastern,-1.292858,30.324883,OPERATIONAL,5,1.93,6.0,350000.0,4,3.5,0,1,0.5,0,0,0
ChIJ8bc-sgzz2xkRwSBuLvcQ4WQ,Chez bebe,Nyagatare,Eastern,-1.291343,30.329218,OPERATIONAL,3,1.47,10.0,350000.0,4,5.0,3,1,0.5,0,1,0
ChIJe_z3exfz2xkRIO0otes5bYs,JAN AGNES,Nyagatare,Eastern,-1.291477,30.336249,OPERATIONAL,2,0.87,7.5,350000.0,2,3.0,1,1,0.5,0,0,0
ChIJxaTFAwDz2xkRKOR0XrSA268,Cyamazima,Nyagatare,Eastern,-1.289753,30.334876,OPERATIONAL,2,0.87,9.0,350000.0,2,3.0,1,1,0.5,0,1,0
ChIJ697_56jz2xkRt6SpNc8a8xA,Elican 's milk zone,Nyagatare,Eastern,-1.289753,30.334876,OPERATIONAL,2,0.87,6.0,350000.0,2,3.5,0,1,0.5,0,0,0
ChIJux4UVFeN2xkR-F0EFtHxscQ,The Social Restaurant,Nyagatare,Eastern,-1.315278,30.321361,OPERATIONAL,0,0.27,8.5,350000.0,0,3.5,0,1,0.5,0,1,0
ChIJa31gX6AF3RkRI7hD4tK_tB4,Centre d'Accueil Saint François Xavier,Rubavu,Western,-1.699245,29.25825,OPERATIONAL,7,2.2,10.0,350000.0,0,3.8,145,1,1.0,0,1,1
ChIJkyWVkJ4F3RkRsLKAsEjsyhs,Roxy Bar and Restaurant,Rubavu,Western,-1.697804,29.250326,OPERATIONAL,2,0.87,10.0,600000.0,1,3.9,131,2,0.9,0,1,1
ChIJcbfWGaAF3RkRUjz7mKRx0T4,New Bistro Wine Garage,Rubavu,Western,-1.707301,29.264407,OPERATIONAL,0,0.27,10.0,350000.0,0,3.4,20,1,0.5,0,1,0
ChIJ36mFZpUF3RkRd-Ua4d3dQgI,Second Home,Rubavu,Western,-1.684832,29.254812,OPERATIONAL,5,1.6,10.0,350000.0,7,3.5,6,1,0.5,0,1,0
ChIJRerhIAAF3RkRDPfzJzyQ4wg,IGISHEKE juice chez:mama ruth,Rubavu,Western,-1.683725,29.253322,OPERATIONAL,7,2.13,10.0,350000.0,6,5.0,1,1,0.5,0,1,0
ChIJPXetmYoF3RkRoB4gA7wVEqc,Chunyu Chinese Restaurant,Rubavu,Western,-1.687964,29.256067,CLOSED_TEMPORARILY,8,3.0,9.0,350000.0,6,4.1,32,1,0.5,0,1,0
ChIJd5qJnrQF3RkR1zQjBEvFodc,New Belair Rubavu,Rubavu,Western,-1.68538,29.25667,OPERATIONAL,5,1.93,10.0,350000.0,6,5.0,4,1,0.5,0,1,0
ChIJW_CYGOwF3RkRY_ZP2STQKEE,Annick Lshes,Rubavu,Western,-1.683801,29.250963,OPERATIONAL,9,2.67,10.0,350000.0,5,5.0,2,1,0.5,0,1,0
ChIJp5jA0K8F3RkRRldCJOleKRQ,TOKOOS KAZURI,Rubavu,Western,-1.685299,29.249927,OPERATIONAL,9,2.67,10.0,350000.0,5,4.1,11,1,0.5,0,1,0
ChIJ2fH-P0oF3RkRaVm9nyNkfSo,PARIZIA (Quick service delivery restaurant),Rubavu,Western,-1.685535,29.249763,CLOSED_TEMPORARILY,9,2.67,9.0,350000.0,5,4.0,19,1,0.5,0,1,0
ChIJlcVpR-sF3RkRPDoNGPTCADI,Best Conner,Rubavu,Western,-1.682788,29.250917,OPERATIONAL,9,2.67,10.0,350000.0,5,3.1,10,1,0.5,0,1,0
ChIJt6KUJAAF3RkRBO27DvuF2tQ,Chez Miss Stella Resto/Bar,Rubavu,Western,-1.685063,29.249313,OPERATIONAL,9,2.67,6.0,350000.0,5,3.5,0,1,0.5,0,0,0
ChIJgzWRkb4F3RkRUUFl5k2Pxnw,Peace Corner,Rubavu,Western,-1.686964,29.259,OPERATIONAL,5,1.93,9.0,600000.0,5,3.6,176,2,1.2,0,1,0
ChIJ_wrf5Y4F3RkRklVyTfmst5o,Food Corner,Rubavu,Western,-1.685192,29.24874,OPERATIONAL,8,2.4,10.0,350000.0,5,5.0,17,1,0.5,0,1,1
ChIJqXFBDQAF3RkRb0rQVJVFEE8,SIZZLE RESTAURANT - مطعم عربي ( حلال ),Rubavu,Western,-1.69105,29.255939,OPERATIONAL,9,3.0,10.0,350000.0,5,4.8,33,1,0.5,0,1,1
ChIJ7afx4eUF3RkRwQ0pFARcXUQ,The Moon Coffee Shop,Rubavu,Western,-1.691188,29.255938,OPERATIONAL,9,3.0,10.0,350000.0,5,5.0,2,1,0.5,0,1,0
ChIJ_4VHZ3UF3RkRnLyT3Z6xknY,Saba Lounge & Restaurant,Rubavu,Western,-1.687827,29.259151,OPERATIONAL,5,1.93,10.0,350000.0,4,4.2,60,1,0.5,0,1,1
ChIJu78a6QoF3RkRUYZkMtW5Ed8,Uzuri Lounge and resto,Rubavu,Western,-1.689388,29.259216,OPERATIONAL,14,4.67,10.0,350000.0,4,2.3,3,1,0.5,0,1,0
ChIJ81oEYpEF3RkR1XOWaPjQhas,Kivu,Rubavu,Western,-1.687932,29.247665,OPERATIONAL,6,1.87,10.0,350000.0,4,4.1,43,1,0.5,0,1,1
ChIJ0as2yXoF3RkR9DQFYMu6nO4,Oasis Bar&Resto ex SAN FRANCESCO RESTO&BAR Gisenyi,Rubavu,Western,-1.692088,29.257062,OPERATIONAL,11,3.53,10.0,350000.0,4,3.3,3,1,0.5,0,1,0
ChIJQwTTw40F3RkRArQPq6iW-V4,KFP restaurant,Rubavu,Western,-1.6839,29.24698,OPERATIONAL,8,2.4,10.0,350000.0,3,4.5,12,1,0.5,0,1,0
ChIJ2eSc5pMF3RkRVv8BvLSX-XU,El Momento,Rubavu,Western,-1.683915,29.246933,OPERATIONAL,8,2.4,8.5,350000.0,3,3.5,0,1,0.5,0,1,0
ChIJ5z3QUAAF3RkRLOKDsOsFNLg,Peace Peace Supermarket and Restaurant,Rubavu,Western,-1.692729,29.257996,OPERATIONAL,11,3.53,9.0,350000.0,3,5.0,1,1,0.5,0,1,0
ChIJkxvU0xEF3RkR4fco5OglrBc,Ashton Guest House,Rubavu,Western,-1.692773,29.257991,OPERATIONAL,11,3.53,7.5,350000.0,3,3.5,0,1,0.5,0,1,0
ChIJyRKJdCYF3RkRwYXFOMTfUWE,TANG HOSPITALITY SERVICES LTD,Rubavu,Western,-1.69284,29.258959,OPERATIONAL,15,4.6,9.0,350000.0,3,5.0,2,1,0.5,0,1,0
ChIJH9ApNAgF3RkRNcf0KXMZHEg,Tip Top,Rubavu,Western,-1.692877,29.259528,OPERATIONAL,18,5.4,10.0,350000.0,3,3.8,8,1,0.5,0,1,0
ChIJo-Wc5KwF3RkRfLeH-f2o2yo,joker fast food & drinks ltd,Rubavu,Western,-1.687955,29.262632,OPERATIONAL,4,1.67,7.0,350000.0,3,3.5,0,1,0.5,0,0,0
ChIJo1PZBmwF3RkRbtHhzqFAMuY,GISENYI GISIMENTI BAR & RESTAURANT,Rubavu,Western,-1.677403,29.252357,OPERATIONAL,0,0.33,10.0,350000.0,3,4.1,7,1,0.5,0,1,0
ChIJ5dRitfgF3RkR3jtxpr_KlgE,The Rolex Hub Gisenyi,Rubavu,Western,-1.69246,29.260308,OPERATIONAL,16,4.87,10.0,350000.0,3,3.8,5,1,0.5,0,1,0
ChIJ8z6kbKMF3RkRHQslz1epj8w,Indian Spices Restaurant,Rubavu,Western,-1.693371,29.259752,OPERATIONAL,19,5.67,10.0,350000.0,2,3.7,6,1,0.5,0,1,0
ChIJ_0s8RQAF3RkR-_bVKsPmg0s,O'Delice (Order below 👇🏽Online - 25min Max - Free Delivery),Rubavu,Western,-1.695575,29.257522,OPERATIONAL,15,4.67,10.0,350000.0,2,4.4,19,1,0.5,0,1,1
ChIJQSCn94gF3RkRd2i9udnJE-8,AYAT Restaurant Indian & african food halal,Rubavu,Western,-1.691155,29.263083,OPERATIONAL,12,3.47,9.0,350000.0,2,4.0,45,1,0.5,0,1,1
ChIJJ5uOgd8F3RkRFHJpF2mfXw4,Naman Indian Restaurant,Rubavu,Western,-1.69553,29.248389,OPERATIONAL,3,1.13,9.0,350000.0,1,3.8,21,1,0.5,0,1,1
ChIJefc9kSgF3RkRUdCfk4wO3Ps,Iturize Restaurant,Rubavu,Western,-1.693776,29.262628,OPERATIONAL,15,4.27,10.0,350000.0,1,5.0,6,1,0.5,0,1,0
ChIJLRmVTR8F3RkR3gOqz6Dev1w,Bismillah Restaurant,Rubavu,Western,-1.695284,29.261542,OPERATIONAL,18,5.13,9.0,350000.0,1,3.6,8,1,0.5,0,1,0
ChIJ4cmBsg4F3RkRB2C48cixjE4,Kivu Urban Resort,Rubavu,Western,-1.697437,29.249938,OPERATIONAL,2,0.87,9.0,350000.0,1,4.5,2,1,0.5,0,1,0
ChIJ8w0IIFIF3RkRq1sNX5gSU6k,Restaurant,Rubavu,Western,-1.677685,29.262383,OPERATIONAL,0,0.27,8.5,350000.0,1,4.0,1,1,0.5,0,0,0
ChIJ26vQa7oF3RkRSqpWlcfKCRc,Homeland Coffee and restaurant,Rubavu,Western,-1.694795,29.26289,OPERATIONAL,15,4.27,9.0,350000.0,1,3.0,2,1,0.5,0,1,0
ChIJ_cgAYwAF3RkRkTAv0OZB10o,Eva home,Rubavu,Western,-1.694614,29.263168,OPERATIONAL,14,4.0,7.5,350000.0,1,5.0,1,1,0.5,0,0,0
ChIJxx_9QKQF3RkRnXfsV7s6low,Boulangerie de Gisenyi,Rubavu,Western,-1.695032,29.26293,OPERATIONAL,14,4.0,10.0,350000.0,0,4.1,22,1,0.5,0,1,1
ChIJ24HAUqEF3RkRU9rl16Uvbu4,Romantic Restaurant,Rubavu,Western,-1.696718,29.261065,OPERATIONAL,16,4.53,10.0,350000.0,0,3.3,3,1,0.5,0,1,0
ChIJl9Fgd3gF3RkRcNGqe5UigtI,Lamennais Beach View_Resto-Bar,Rubavu,Western,-1.699048,29.2561,OPERATIONAL,6,1.93,8.5,350000.0,0,3.5,0,1,0.5,0,1,0
ChIJKfjIcgAF3RkRcG2747AOoJc,Hayati Coffee Restaurant,Rubavu,Western,-1.699048,29.2561,OPERATIONAL,6,1.93,10.0,350000.0,0,3.5,4,1,0.5,0,1,0
ChIJAVhFRmMF3RkR0hQRQSuuIgM,milk restaurent,Rubavu,Western,-1.699048,29.2561,OPERATIONAL,6,1.93,6.0,350000.0,0,3.5,0,1,0.5,0,0,0
ChIJb-gcZTEF3RkRIjF4ZUSDyIc,BTAMUU,Rubavu,Western,-1.699048,29.2561,OPERATIONAL,6,1.93,8.5,350000.0,0,3.5,0,1,0.5,0,1,0
ChIJXWdYSg8F3RkRcaDhQgx1H04,Chez Badaga,Rubavu,Western,-1.696263,29.262391,OPERATIONAL,13,3.73,9.0,350000.0,0,5.0,1,1,0.5,0,1,0
ChIJ1xkqZTYF3RkRQGbkEibZQlU,Wazi Wine Garage,Rubavu,Western,-1.699495,29.25598,OPERATIONAL,6,1.93,10.0,350000.0,0,4.6,23,1,0.5,0,1,1
ChIJy0_4M-cF3RkRo6dpb5etHBs,Vivo Restaurant,Rubavu,Western,-1.696034,29.263131,OPERATIONAL,11,3.2,10.0,350000.0,0,5.0,1,1,0.5,0,1,0
ChIJ69ciMqQF3RkRsoDODT_Fd4Q,Sous Le Soleil Bar& Restaurant,Rubavu,Western,-1.695567,29.263718,OPERATIONAL,11,3.2,10.0,350000.0,0,3.0,1,1,0.5,0,1,0
ChIJf0WFx_EF3RkRqN5avOdECNw,"Raaxo B&B, BAR-RESTO-GRILL",Rubavu,Western,-1.693311,29.242236,OPERATIONAL,0,0.4,10.0,350000.0,0,5.0,1,1,0.5,0,1,0
ChIJB4NzhaYF3RkRrAd0FM_MCV4,Texas,Rubavu,Western,-1.696795,29.263541,OPERATIONAL,10,2.93,6.0,350000.0,0,3.5,0,1,0.5,0,0,0
ChIJAcGU6aYF3RkRRA5BcE3ndrU,Prime Restaurant,Rubavu,Western,-1.69758,29.262682,OPERATIONAL,10,2.93,7.0,350000.0,0,3.5,0,1,0.5,0,0,0
ChIJrxt0_TEJ3RkRWGq10PfO0LQ,MARY 1000'S RESTAURENT,Rubavu,Western,-1.697713,29.244739,OPERATIONAL,1,0.53,8.5,350000.0,0,2.0,1,1,0.5,0,0,0
ChIJv8ksQAAF3RkR1gBaqMxelnc,Fashion Restaurant,Rubavu,Western,-1.686594,29.239029,OPERATIONAL,6,2.2,9.0,350000.0,0,4.0,1,1,0.5,0,1,0
ChIJ0SeE544F3RkRyyxc4t0AiGM,Restaurant indien de GOMA,Rubavu,Western,-1.689747,29.23929,OPERATIONAL,6,2.2,10.0,350000.0,0,3.2,13,1,0.5,0,1,0
ChIJx8Wni9YF3RkRe6dOFrO9LCM,New Belair au Petit Bruxelles,Rubavu,Western,-1.688581,29.238824,OPERATIONAL,6,2.2,10.0,350000.0,0,3.4,11,1,0.5,0,1,0
ChIJzVUl8lwF3RkRS6hvXEUCI4I,Restaurant de Flummerfelt,Rubavu,Western,-1.68999,29.238967,OPERATIONAL,6,2.2,8.5,350000.0,0,5.0,1,1,0.5,0,0,0
ChIJc_X3r44F3RkRPdSfWGf1MMo,Restaurant Bar La Pagode Gabriel,Rubavu,Western,-1.688558,29.238611,OPERATIONAL,6,2.2,10.0,350000.0,0,3.3,6,1,0.5,0,1,0
ChIJvwlVYdEJ3RkRRn2tlv060jY,KIVU LAVA CENTER,Rubavu,Western,-1.688038,29.238324,OPERATIONAL,6,2.2,10.0,350000.0,0,4.0,17,1,0.5,0,1,1
ChIJk0sKc9AF3RkRapepkJitCIQ,La colline restau & bar / goma-drc,Rubavu,Western,-1.688854,29.238304,OPERATIONAL,6,2.2,10.0,350000.0,0,4.5,2,1,0.5,0,1,0
ChIJucL8xkaXwhkRv3XQKy7xfUU,Vitamino,Rusizi,Western,-2.478514,28.909739,OPERATIONAL,4,1.53,10.0,350000.0,6,4.4,30,1,0.5,0,1,1
ChIJFbfADACXwhkRM0YKD0XcSC0,Idaro's Coffee,Rusizi,Western,-2.480254,28.912389,OPERATIONAL,3,1.07,10.0,350000.0,5,4.8,4,1,0.5,0,1,0
ChIJXQHgVQCXwhkRlX3eY8sQDfo,Karisma Restaurant,Rusizi,Western,-2.480619,28.912471,OPERATIONAL,3,1.07,6.0,350000.0,5,3.5,0,1,0.5,0,0,0
ChIJFwmlBACXwhkREe1gs2qMZ2Y,Asian Store,Rusizi,Western,-2.475506,28.910522,OPERATIONAL,1,0.73,8.5,350000.0,4,3.5,0,1,0.5,0,1,0
ChIJj7QgdwCXwhkRlAj78_VpUYw,Ayat restaurant and supermarket,Rusizi,Western,-2.481209,28.913026,OPERATIONAL,3,1.07,7.5,350000.0,4,4.0,2,1,0.5,0,0,0
ChIJ6RZ-jF-XwhkRTSicf5xVq5s,Ikaze Eric canteen & Restaurants,Rusizi,Western,-2.483053,28.8965,OPERATIONAL,2,0.8,6.0,350000.0,1,3.5,0,1,0.5,0,0,0
ChIJG2FLmMqXwhkRZ51cd8i4W48,Seller,Rusizi,Western,-2.483053,28.8965,OPERATIONAL,2,0.8,6.0,350000.0,1,3.5,0,1,0.5,0,0,0
ChIJMbTfQ_iXwhkRULkkAltG4J0,Restaurant Rubavu,Rusizi,Western,-2.483053,28.8965,OPERATIONAL,2,0.8,7.0,350000.0,1,3.5,0,1,0.5,0,0,0
ChIJi5l9MVKXwhkRyDdlcaT8VC8,Bar Resto + 243 CHEZ TRESOR,Rusizi,Western,-2.475645,28.91789,OPERATIONAL,0,0.33,9.0,350000.0,1,4.0,18,1,0.5,0,1,1
ChIJd2pjLScp3RkRC7TFCRgIaqg,Château le Marara by Royal Retreat,Karongi,Western,-2.061702,29.352862,OPERATIONAL,0,0.33,10.0,350000.0,0,4.1,182,1,1.2,0,1,1
ChIJYbhuxWYp3RkR5YNM9oYPu-Q,Sailors Resto & Cafe,Karongi,Western,-2.07055,29.352628,OPERATIONAL,2,0.8,10.0,350000.0,0,3.5,55,1,0.5,0,1,0
ChIJK4gyBXMp3RkRi3_eDLNkBzA,Kivu Coffee Cup,Karongi,Western,-2.070863,29.352547,OPERATIONAL,2,0.8,10.0,350000.0,0,4.5,48,1,0.5,0,1,1
ChIJT9lovzcp3RkR9ywIHYQsizA,Chez Maman Joy,Karongi,Western,-2.070526,29.352414,OPERATIONAL,2,0.8,10.0,350000.0,0,3.9,21,1,0.5,0,1,1
ChIJT28sPdbHwhkRNypkJIa_BlM,SAFARI Restaurant,Nyamasheke,Western,-2.325266,29.133582,OPERATIONAL,0,0.27,8.5,350000.0,1,5.0,1,1,0.5,0,0,0
ChIJZalLZQDHwhkRua3hdwOnXR4,SANGIRA RESTOBAR,Nyamasheke,Western,-2.331942,29.13661,OPERATIONAL,0,0.27,7.0,350000.0,0,3.5,0,1,0.5,0,0,0
